[
{
  "model": "cart.order",
  "pk": 23,
  "fields": {
    "time_created": "2021-11-02T15:18:38.247Z",
    "time_updated": "2021-11-03T09:11:32.566Z",
    "active": true,
    "user": 1,
    "address": 3,
    "status": "CANCELED",
    "finished_date": null,
    "items": [
      31,
      32,
      35
    ]
  }
},
{
  "model": "cart.order",
  "pk": 24,
  "fields": {
    "time_created": "2021-11-02T20:59:03.110Z",
    "time_updated": "2021-11-02T20:59:20.993Z",
    "active": true,
    "user": 1,
    "address": 4,
    "status": "PROCESSING",
    "finished_date": null,
    "items": [
      31
    ]
  }
},
{
  "model": "cart.order",
  "pk": 25,
  "fields": {
    "time_created": "2021-11-02T21:00:07.499Z",
    "time_updated": "2021-11-03T10:49:15.250Z",
    "active": true,
    "user": 2,
    "address": 5,
    "status": "FINISHED",
    "finished_date": "2021-11-03",
    "items": [
      36
    ]
  }
},
{
  "model": "cart.order",
  "pk": 26,
  "fields": {
    "time_created": "2021-11-02T21:01:32.548Z",
    "time_updated": "2021-11-03T10:47:50.889Z",
    "active": true,
    "user": 1,
    "address": 6,
    "status": "FINISHED",
    "finished_date": null,
    "items": [
      35
    ]
  }
},
{
  "model": "cart.order",
  "pk": 27,
  "fields": {
    "time_created": "2021-11-02T21:03:17.461Z",
    "time_updated": "2021-11-03T06:02:46.239Z",
    "active": true,
    "user": 1,
    "address": 7,
    "status": "FINISHED",
    "finished_date": null,
    "items": [
      35
    ]
  }
},
{
  "model": "cart.order",
  "pk": 28,
  "fields": {
    "time_created": "2021-11-02T21:05:03.868Z",
    "time_updated": "2021-11-03T09:06:06.959Z",
    "active": true,
    "user": 1,
    "address": 8,
    "status": "FINISHED",
    "finished_date": null,
    "items": [
      35
    ]
  }
},
{
  "model": "cart.order",
  "pk": 29,
  "fields": {
    "time_created": "2021-11-02T21:07:02.920Z",
    "time_updated": "2021-11-03T06:02:27.097Z",
    "active": true,
    "user": 1,
    "address": 9,
    "status": "RETURNED",
    "finished_date": null,
    "items": [
      37
    ]
  }
},
{
  "model": "cart.order",
  "pk": 30,
  "fields": {
    "time_created": "2021-11-02T21:07:17.082Z",
    "time_updated": "2021-11-03T06:02:08.404Z",
    "active": true,
    "user": 1,
    "address": null,
    "status": "CANCELED",
    "finished_date": null,
    "items": [
      38
    ]
  }
},
{
  "model": "cart.order",
  "pk": 31,
  "fields": {
    "time_created": "2021-11-03T06:18:59.441Z",
    "time_updated": "2021-11-03T10:49:08.483Z",
    "active": true,
    "user": 1,
    "address": 10,
    "status": "ON_DELIVERY",
    "finished_date": null,
    "items": [
      39,
      40
    ]
  }
},
{
  "model": "cart.order",
  "pk": 32,
  "fields": {
    "time_created": "2021-11-03T08:45:20.731Z",
    "time_updated": "2021-11-03T08:46:14.333Z",
    "active": true,
    "user": 1,
    "address": 11,
    "status": "PROCESSING",
    "finished_date": null,
    "items": [
      38,
      42
    ]
  }
},
{
  "model": "cart.order",
  "pk": 33,
  "fields": {
    "time_created": "2021-11-03T10:54:56.279Z",
    "time_updated": "2021-11-03T10:54:56.279Z",
    "active": true,
    "user": 1,
    "address": null,
    "status": "NEW",
    "finished_date": null,
    "items": [
      43
    ]
  }
},
{
  "model": "cart.orderitem",
  "pk": 31,
  "fields": {
    "time_created": "2021-11-02T15:48:57.433Z",
    "time_updated": "2021-11-03T06:20:54.200Z",
    "active": true,
    "user": 1,
    "item": 66,
    "quantity": 1,
    "ordered": false
  }
},
{
  "model": "cart.orderitem",
  "pk": 32,
  "fields": {
    "time_created": "2021-11-02T15:49:06.862Z",
    "time_updated": "2021-11-02T16:00:31.301Z",
    "active": true,
    "user": 1,
    "item": 57,
    "quantity": 2,
    "ordered": false
  }
},
{
  "model": "cart.orderitem",
  "pk": 33,
  "fields": {
    "time_created": "2021-11-02T15:49:20.001Z",
    "time_updated": "2021-11-02T17:58:25.551Z",
    "active": true,
    "user": 1,
    "item": 56,
    "quantity": 1,
    "ordered": false
  }
},
{
  "model": "cart.orderitem",
  "pk": 34,
  "fields": {
    "time_created": "2021-11-02T17:58:42.784Z",
    "time_updated": "2021-11-02T17:58:53.273Z",
    "active": true,
    "user": 1,
    "item": 24,
    "quantity": 1,
    "ordered": false
  }
},
{
  "model": "cart.orderitem",
  "pk": 35,
  "fields": {
    "time_created": "2021-11-02T18:00:47.649Z",
    "time_updated": "2021-11-02T21:05:13.001Z",
    "active": true,
    "user": 1,
    "item": 60,
    "quantity": 10,
    "ordered": true
  }
},
{
  "model": "cart.orderitem",
  "pk": 36,
  "fields": {
    "time_created": "2021-11-02T21:00:07.471Z",
    "time_updated": "2021-11-02T21:00:11.237Z",
    "active": true,
    "user": 2,
    "item": 60,
    "quantity": 10,
    "ordered": false
  }
},
{
  "model": "cart.orderitem",
  "pk": 37,
  "fields": {
    "time_created": "2021-11-02T21:07:02.900Z",
    "time_updated": "2021-11-02T21:07:13.249Z",
    "active": true,
    "user": 1,
    "item": 60,
    "quantity": 1,
    "ordered": true
  }
},
{
  "model": "cart.orderitem",
  "pk": 38,
  "fields": {
    "time_created": "2021-11-02T21:07:17.056Z",
    "time_updated": "2021-11-03T08:46:14.312Z",
    "active": true,
    "user": 1,
    "item": 60,
    "quantity": 4,
    "ordered": true
  }
},
{
  "model": "cart.orderitem",
  "pk": 39,
  "fields": {
    "time_created": "2021-11-03T06:18:59.421Z",
    "time_updated": "2021-11-03T08:13:14.339Z",
    "active": true,
    "user": 1,
    "item": 7,
    "quantity": 7,
    "ordered": true
  }
},
{
  "model": "cart.orderitem",
  "pk": 40,
  "fields": {
    "time_created": "2021-11-03T08:13:01.063Z",
    "time_updated": "2021-11-03T08:13:14.348Z",
    "active": true,
    "user": 1,
    "item": 59,
    "quantity": 1,
    "ordered": true
  }
},
{
  "model": "cart.orderitem",
  "pk": 41,
  "fields": {
    "time_created": "2021-11-03T08:45:20.713Z",
    "time_updated": "2021-11-03T08:45:39.960Z",
    "active": true,
    "user": 1,
    "item": 12,
    "quantity": 1,
    "ordered": false
  }
},
{
  "model": "cart.orderitem",
  "pk": 42,
  "fields": {
    "time_created": "2021-11-03T08:45:46.084Z",
    "time_updated": "2021-11-03T08:46:14.323Z",
    "active": true,
    "user": 1,
    "item": 59,
    "quantity": 1,
    "ordered": true
  }
},
{
  "model": "cart.orderitem",
  "pk": 43,
  "fields": {
    "time_created": "2021-11-03T10:54:56.251Z",
    "time_updated": "2021-11-03T10:54:56.265Z",
    "active": true,
    "user": 1,
    "item": 60,
    "quantity": 1,
    "ordered": false
  }
},
{
  "model": "cart.address",
  "pk": 1,
  "fields": {
    "time_created": "2021-11-02T20:51:23.184Z",
    "time_updated": "2021-11-03T14:46:23.984Z",
    "active": true,
    "user": 1,
    "street": "Abay",
    "building": "10",
    "apartment": "12",
    "country": "KZ",
    "zip_code": "AZ1023"
  }
},
{
  "model": "cart.address",
  "pk": 2,
  "fields": {
    "time_created": "2021-11-02T20:52:23.743Z",
    "time_updated": "2021-11-03T14:46:47.434Z",
    "active": true,
    "user": 1,
    "street": "Furmanov",
    "building": "105A",
    "apartment": null,
    "country": "KZ",
    "zip_code": "050010"
  }
},
{
  "model": "cart.address",
  "pk": 3,
  "fields": {
    "time_created": "2021-11-02T20:54:50.808Z",
    "time_updated": "2021-11-03T14:47:05.217Z",
    "active": true,
    "user": 1,
    "street": "Kabanbay Batyr",
    "building": "101",
    "apartment": null,
    "country": "KZ",
    "zip_code": "050040"
  }
},
{
  "model": "cart.address",
  "pk": 4,
  "fields": {
    "time_created": "2021-11-02T20:59:20.986Z",
    "time_updated": "2021-11-03T14:47:21.332Z",
    "active": true,
    "user": 1,
    "street": "Satpayev",
    "building": "123",
    "apartment": "21",
    "country": "KZ",
    "zip_code": "13242A"
  }
},
{
  "model": "cart.address",
  "pk": 5,
  "fields": {
    "time_created": "2021-11-02T21:00:42.696Z",
    "time_updated": "2021-11-03T14:47:41.343Z",
    "active": true,
    "user": 2,
    "street": "Kirova",
    "building": "110",
    "apartment": null,
    "country": "ZW",
    "zip_code": "1231AZ"
  }
},
{
  "model": "cart.address",
  "pk": 6,
  "fields": {
    "time_created": "2021-11-02T21:03:10.181Z",
    "time_updated": "2021-11-03T14:48:06.660Z",
    "active": true,
    "user": 1,
    "street": "Baker str",
    "building": "1",
    "apartment": "1",
    "country": "KZ",
    "zip_code": "SH1111"
  }
},
{
  "model": "cart.address",
  "pk": 7,
  "fields": {
    "time_created": "2021-11-02T21:04:41.141Z",
    "time_updated": "2021-11-03T14:48:34.713Z",
    "active": true,
    "user": 1,
    "street": "Some Street",
    "building": "1000",
    "apartment": "666",
    "country": "KZ",
    "zip_code": "404OO"
  }
},
{
  "model": "cart.address",
  "pk": 8,
  "fields": {
    "time_created": "2021-11-02T21:05:12.992Z",
    "time_updated": "2021-11-03T14:48:58.573Z",
    "active": true,
    "user": 1,
    "street": "Stepnaya",
    "building": "77",
    "apartment": "1",
    "country": "AF",
    "zip_code": "1"
  }
},
{
  "model": "cart.address",
  "pk": 9,
  "fields": {
    "time_created": "2021-11-02T21:07:13.236Z",
    "time_updated": "2021-11-03T14:49:27.867Z",
    "active": true,
    "user": 1,
    "street": "Rozybakiyev",
    "building": "64",
    "apartment": "256",
    "country": "KZ",
    "zip_code": "OOAAZ"
  }
},
{
  "model": "cart.address",
  "pk": 10,
  "fields": {
    "time_created": "2021-11-03T08:13:14.327Z",
    "time_updated": "2021-11-03T14:49:48.757Z",
    "active": true,
    "user": 1,
    "street": "Medvedeva",
    "building": "21",
    "apartment": "34",
    "country": "KZ",
    "zip_code": "PAS99"
  }
},
{
  "model": "cart.address",
  "pk": 11,
  "fields": {
    "time_created": "2021-11-03T08:46:14.299Z",
    "time_updated": "2021-11-03T14:50:21.016Z",
    "active": true,
    "user": 1,
    "street": "Dzerzhinskogo",
    "building": "154",
    "apartment": null,
    "country": "KZ",
    "zip_code": "OFFICE"
  }
},
{
  "model": "storefront.product",
  "pk": 1,
  "fields": {
    "time_created": "2021-10-29T12:48:54.859Z",
    "time_updated": "2021-11-03T11:04:35.946Z",
    "active": true,
    "sku": "PR-00001",
    "title": "Saigon Ground Cassia Cinnamon",
    "category": 3,
    "brand": 1,
    "image_container": 1,
    "stock": 164,
    "description": "Spicy and sweet, this cinnamon is our most popular varietal. Its high volatile oil content makes the bark extremely potent. Vietnamese cinnamon is fiery, rich, fragrant, and amazing with chocolate or in cinnamon rolls, where it can be the entire flavor."
  }
},
{
  "model": "storefront.product",
  "pk": 2,
  "fields": {
    "time_created": "2021-10-29T12:50:05.134Z",
    "time_updated": "2021-11-03T11:04:35.962Z",
    "active": true,
    "sku": "PR-00002",
    "title": "Back of the Yards Garlic Pepper Butcher's Rub",
    "category": 3,
    "brand": 1,
    "image_container": 2,
    "stock": 165,
    "description": "If one flavor combination could represent The Spice House, it is this hard-working butcher's rub. Back of the Yards, our most popular blend, is ideal for grilling, great in burgers, and perfect with fish or eggs. It takes inspiration from the many immigrant cooking traditions that grew out of Chicago's historic meatpacking district."
  }
},
{
  "model": "storefront.product",
  "pk": 3,
  "fields": {
    "time_created": "2021-10-29T12:50:05.143Z",
    "time_updated": "2021-11-03T11:04:35.977Z",
    "active": true,
    "sku": "PR-00003",
    "title": "Lake Shore Drive Shallot & Herb Seasoning",
    "category": 3,
    "brand": 1,
    "image_container": 3,
    "stock": 166,
    "description": "Inspired by the glorious green foliage along the shores of Lake Michigan, our Lake Shore Drive Shallot & Herb Seasoning includes chives, scallions, green peppercorns, and shallots. It adds an elegant but bold finish to fish, omelettes, and vegetable."
  }
},
{
  "model": "storefront.product",
  "pk": 4,
  "fields": {
    "time_created": "2021-10-29T12:50:05.151Z",
    "time_updated": "2021-11-03T11:04:35.995Z",
    "active": true,
    "sku": "PR-00004",
    "title": "Gateway to the North Maple Garlic Seasoning",
    "category": 3,
    "brand": 1,
    "image_container": 4,
    "stock": 167,
    "description": "One of our most popular blends, this seasoning is sweet, savory, and made with real Wisconsin maple sugar. Named after the maple industry hub of Marinette County, Gateway to the North compliments pork, baked beans, and sweet potatoes."
  }
},
{
  "model": "storefront.product",
  "pk": 5,
  "fields": {
    "time_created": "2021-10-29T12:50:05.159Z",
    "time_updated": "2021-11-03T11:04:36.017Z",
    "active": true,
    "sku": "PR-00005",
    "title": "Vulcan's Fire Salt",
    "category": 3,
    "brand": 1,
    "image_container": 5,
    "stock": 168,
    "description": "This fiery salt is named for Vulcan, the Roman god of fire. Vulcan Fire Salt owes its spicy, deep flavor to a secret ingredient discovered by The Spice House's founder many decades ago. Sprinkle it on popcorn, garlic bread, or scrambled eggs."
  }
},
{
  "model": "storefront.product",
  "pk": 6,
  "fields": {
    "time_created": "2021-10-29T12:50:05.168Z",
    "time_updated": "2021-11-03T11:04:36.043Z",
    "active": true,
    "sku": "PR-00006",
    "title": "Brisket of Love Barbecue Rub",
    "category": 3,
    "brand": 1,
    "image_container": 6,
    "stock": 169,
    "description": "A Spice House manager created this sumptuous blend as a parting gift for guests at his barbecue-inspired wedding. It is sweet and tangy with a peppery bite, perfect for slow-smoked brisket. Use this blend to add some kick to your Shabbat dinner, corned beef, or homemade pastrami.\r\nOh!"
  }
},
{
  "model": "storefront.product",
  "pk": 7,
  "fields": {
    "time_created": "2021-10-29T12:50:05.178Z",
    "time_updated": "2021-11-03T11:04:36.061Z",
    "active": true,
    "sku": "PR-00007",
    "title": "Best Sellers Collection",
    "category": 3,
    "brand": 2,
    "image_container": 7,
    "stock": 170,
    "description": "Among cooks, the seasonings in the Best Sellers Collection are our most popular. Whether you're baking salmon for a weeknight supper, making steak for a Sunday roast, or mixing bloody marys for a summer brunch, these rubs, salts, and seasonings will turn any dish into a crowdpleaser. Although we could never pick a favorite, we are delighted you have."
  }
},
{
  "model": "storefront.product",
  "pk": 8,
  "fields": {
    "time_created": "2021-10-29T12:50:05.190Z",
    "time_updated": "2021-11-03T11:04:36.076Z",
    "active": true,
    "sku": "PR-00008",
    "title": "Medium Chili Powder",
    "category": 3,
    "brand": 2,
    "image_container": 8,
    "stock": 171,
    "description": "Hailing from the American Southwest, chili powder is at the core of Tex-Mex cooking. Use it to season meat for chili, tacos, and enchilada sauce. Our powder is mixed in small batches."
  }
},
{
  "model": "storefront.product",
  "pk": 9,
  "fields": {
    "time_created": "2021-10-29T12:50:05.202Z",
    "time_updated": "2021-11-03T11:04:36.091Z",
    "active": true,
    "sku": "PR-00009",
    "title": "Back of the Yards Collection",
    "category": 3,
    "brand": 2,
    "image_container": 9,
    "stock": 172,
    "description": "Here in the Windy City, you can tour dishes from around the globe just by neighborhood-hopping. This collection of rubs and seasonings celebrates locals whose families hail from Southeast Asia, Latin America, and Eastern Europe. Bring the world's tables together at yours by adding any of these blends to a new or favorite recipe."
  }
},
{
  "model": "storefront.product",
  "pk": 10,
  "fields": {
    "time_created": "2021-10-29T12:50:05.213Z",
    "time_updated": "2021-11-03T11:04:36.111Z",
    "active": true,
    "sku": "PR-00010",
    "title": "Smoked Spanish Hot Paprika, Pimenton de la Vera Picante",
    "category": 3,
    "brand": 2,
    "image_container": 10,
    "stock": 173,
    "description": "Made from peppers slowly dried over an oak fire, this smoky paprika forms the flavor base for chorizo and patatas bravas. It also pairs well with grilled chicken."
  }
},
{
  "model": "storefront.product",
  "pk": 11,
  "fields": {
    "time_created": "2021-10-29T12:50:05.225Z",
    "time_updated": "2021-11-03T11:04:36.133Z",
    "active": true,
    "sku": "PR-00011",
    "title": "Lake Shore Drive Collection",
    "category": 3,
    "brand": 2,
    "image_container": 11,
    "stock": 174,
    "description": "The blends in this collection are divined from dishes served at Greektown tavernas, Bronzeville barbeques, and at family dinners on Lake Shore Drive. These Chicago-essential spices and seasonings will help you celebrate a culinary heritage that is just one of the many wonderful reasons we know the Second City really comes in first."
  }
},
{
  "model": "storefront.product",
  "pk": 12,
  "fields": {
    "time_created": "2021-10-29T12:50:05.241Z",
    "time_updated": "2021-11-03T11:04:36.155Z",
    "active": true,
    "sku": "PR-00012",
    "title": "Turkish Bay Leaves",
    "category": 3,
    "brand": 2,
    "image_container": 12,
    "stock": 175,
    "description": "The Oracle of Delphi chewed fresh laurel leaves for divine inspiration. When dried, they make for inspired sauces, stews, soups, and curries. We chased the bay leaf around the world and decided the large, fragrant Turkish variety is our favorite."
  }
},
{
  "model": "storefront.product",
  "pk": 13,
  "fields": {
    "time_created": "2021-10-29T12:50:05.249Z",
    "time_updated": "2021-11-03T11:04:36.173Z",
    "active": true,
    "sku": "PR-00013",
    "title": "Black Tea Tropical Colada",
    "category": 4,
    "brand": 3,
    "image_container": 1,
    "stock": 176,
    "description": "Black Tea cocktail styled with a very creamy and tropical flavor, with coconut and pineapple. \nA mix with an intense flavor that transports us to tropical climates. The black tea base gives character to the sweetness of pineapple and coconut. In our online recipe book you can find an original preparation developed by Tea Shop that reminds us of the famous Piña Colada cocktail. "
  }
},
{
  "model": "storefront.product",
  "pk": 14,
  "fields": {
    "time_created": "2021-10-29T12:50:05.258Z",
    "time_updated": "2021-11-03T11:04:36.188Z",
    "active": true,
    "sku": "PR-00014",
    "title": "Red Tea (Pu Erh) Choco Turrón",
    "category": 4,
    "brand": 3,
    "image_container": 2,
    "stock": 177,
    "description": "The sweet tradition of the holidays in a crunchy and sweet-toothed Pu Erh Red Tea blend that melts in your mouth.\nAn irresistible and cheerful combination of chocolate and puffed rice, enriched with delicious Pu Erh Red Tea. A tea to enjoy at breakfast and snacks, alone, with milk or vegetable drink. Besides being a whim, it is a delicious way to hydrate yourself during the day."
  }
},
{
  "model": "storefront.product",
  "pk": 15,
  "fields": {
    "time_created": "2021-10-29T12:50:05.272Z",
    "time_updated": "2021-11-03T11:04:36.204Z",
    "active": true,
    "sku": "PR-00015",
    "title": "White Tea Snow Christmas",
    "category": 4,
    "brand": 3,
    "image_container": 3,
    "stock": 178,
    "description": "The expression \"beauty\" of Christmas, sweet and creamy taste for a festive and welcoming winter. \nThe expression \"beauty\" of Christmas of sweet and creamy taste that evokes the classic caramelised baked apple tart. Ideal to enjoy in a festive and cosy winter. Its delicate and sweet aroma is an invitation to the well-being that cradles the magnificent properties of White Tea, considered the beauty tea par excellence. It provides antioxidants, is purifying and diuretic."
  }
},
{
  "model": "storefront.product",
  "pk": 16,
  "fields": {
    "time_created": "2021-10-29T12:50:05.281Z",
    "time_updated": "2021-11-03T11:04:36.225Z",
    "active": true,
    "sku": "PR-00016",
    "title": "Black Tea Black Mountain Fruit",
    "category": 4,
    "brand": 3,
    "image_container": 4,
    "stock": 179,
    "description": "Sweet and fruity black tea for beginners in the world of tea, with an invigorating and energising blend of black tea and blackberry, with a sweet and slightly astringent flavour. \nNatural antioxidant and moderately tannic from our range of energising teas.  Black Tea is the leaves of Camellia Sinensis with complete oxidation, giving them intensity in tannins and theine."
  }
},
{
  "model": "storefront.product",
  "pk": 17,
  "fields": {
    "time_created": "2021-10-29T12:50:05.292Z",
    "time_updated": "2021-11-03T11:04:36.252Z",
    "active": true,
    "sku": "PR-00017",
    "title": "Ceylon Spicy Black Tea",
    "category": 4,
    "brand": 3,
    "image_container": 5,
    "stock": 180,
    "description": "Wild black tea from Adam's Peak, Sri Lanka, with the spicy flavor of cloves and cardamom. The large, dark leaves give this beverage an enveloping and lingering aroma. \nFOREST FRIENDLY TEA is an eco-sustainable project born in harmony with nature and the power of the earth. The FOREST FRIENDLY range is composed of wild, free-range, indigenous and sustainable teas from the mountain forests of Northern Thailand and Adam's Peak in Sri Lanka."
  }
},
{
  "model": "storefront.product",
  "pk": 18,
  "fields": {
    "time_created": "2021-10-29T12:50:05.304Z",
    "time_updated": "2021-11-03T11:04:36.272Z",
    "active": true,
    "sku": "PR-00018",
    "title": "Green Tea Asian Wellness",
    "category": 4,
    "brand": 3,
    "image_container": 6,
    "stock": 181,
    "description": "Superfood blend of green tea, tropical fruits, spirulina and aloe vera with a fresh and juicy taste.\nMixed with superfood ingredients. Moringa is a superfood plant rich in vitamins A, B and C, proteins and minerals such as potassium, calcium, iron and magnesium. \nIts slightly bitter taste balances the sweet taste of Green Tea and mango. Due to its attractive taste and its versatility, it can be consumed cold or hot, it becomes an essential drink in the pantry. Green Tea is an antioxidant and diuretic. "
  }
},
{
  "model": "storefront.product",
  "pk": 19,
  "fields": {
    "time_created": "2021-10-29T12:50:05.316Z",
    "time_updated": "2021-11-03T11:04:36.290Z",
    "active": true,
    "sku": "PR-00019",
    "title": "Green Tea Organic Vietnam Lao Cai Green Op",
    "category": 4,
    "brand": 4,
    "image_container": 7,
    "stock": 182,
    "description": "Organic Green Tea from northern Vietnam with silvery shoots and whole, young leaves, harvested from wild trees.\nIn Vietnam, it is common for tea trees to feed on biodiversity, without the need for an irrigation system or pesticides. In addition, the garden of origin is certified \"Fairtrade\" and is harvested manually by the Tay Ethinic, native to the furthest village in the province of Lao Cai (next to China)."
  }
},
{
  "model": "storefront.product",
  "pk": 20,
  "fields": {
    "time_created": "2021-10-29T12:50:05.331Z",
    "time_updated": "2021-11-03T11:04:36.306Z",
    "active": true,
    "sku": "PR-00020",
    "title": "Green Tea Matcha Gracia Blend Green",
    "category": 4,
    "brand": 4,
    "image_container": 8,
    "stock": 183,
    "description": "Iconic, classic, floral and Mediterranean character blend, inspired by the origins of Tea Shop. \nAn ideal mixture to start in the world of tea. Matcha Gracia Blend Green with its flavor catches any palate and makes you fly to the origins of Tea Shop. The umami flavor of Matcha and the fresh flavor of green tea are balanced by the enveloping sweetness of vanilla and flowers."
  }
},
{
  "model": "storefront.product",
  "pk": 21,
  "fields": {
    "time_created": "2021-10-29T12:50:05.342Z",
    "time_updated": "2021-11-03T11:04:36.325Z",
    "active": true,
    "sku": "PR-00021",
    "title": "Red Tea (Pu Erh) Praliné",
    "category": 4,
    "brand": 4,
    "image_container": 9,
    "stock": 184,
    "description": "Authentic praline with Pu Erh, carob, apple, hazelnut, cinnamon, chicory and flowers. \nDelicious Pu Erh Red Tea, similar to the famous specialty \"praliné\" originating in the French city of Montardis, which helps cleanse the body while sweetening the palate with its tasty and digestive mix of flavors. Antioxidant, anti-inflammatory, stimulating and helps improve digestion."
  }
},
{
  "model": "storefront.product",
  "pk": 22,
  "fields": {
    "time_created": "2021-10-29T12:50:05.351Z",
    "time_updated": "2021-11-03T11:04:36.346Z",
    "active": true,
    "sku": "PR-00022",
    "title": "Green Tea Magic Mango",
    "category": 4,
    "brand": 4,
    "image_container": 10,
    "stock": 185,
    "description": "An explosion of flavor with Green Tea, mango and the Superfood moringa. \nMoringa is a Superfood plant rich in vitamins A, B and C, protein and minerals such as potassium, calcium, iron and magnesium. Its slightly bitter taste balances the sweetness of green tea and mango. Thanks to its attractive taste and its versatility, it can be consumed hot and cold, making it an essential drink in the pantry. Mixture with strong antioxidant power thanks to Green Tea and a source of vitamins and minerals thanks to moringa, mango and apple."
  }
},
{
  "model": "storefront.product",
  "pk": 23,
  "fields": {
    "time_created": "2021-10-29T12:50:05.360Z",
    "time_updated": "2021-11-03T11:04:36.368Z",
    "active": true,
    "sku": "PR-00023",
    "title": "Black Tea Berry Fields",
    "category": 4,
    "brand": 4,
    "image_container": 11,
    "stock": 186,
    "description": "Mixture of Black Tea with wild fruit and beet, ideal for breakfast and snacks.\nIts sweet and enveloping aroma offers versatility in hot or cold consumption, only, with milk or vegetable drink. A perfect base to prepare delicious and nutritious Smoothies. Black Tea is a natural mild stimulant, which helps to clear the mind and relax the muscles. Red fruits along with beets are a source of vitamins and antioxidants."
  }
},
{
  "model": "storefront.product",
  "pk": 24,
  "fields": {
    "time_created": "2021-10-29T12:50:05.368Z",
    "time_updated": "2021-11-03T11:04:36.389Z",
    "active": true,
    "sku": "PR-00024",
    "title": "Black Tea Earl Grey Crème",
    "category": 4,
    "brand": 4,
    "image_container": 12,
    "stock": 187,
    "description": "The creamiest black Earl Grey tea with bergamot and sweet notes, a suggestive alternative to lovers of our classic Earl Grey. \nA creamy tea, with a lot of personality, which is enhanced by adding milk. Earl Grey remains one of the most famous and consumed mixes in the world."
  }
},
{
  "model": "storefront.product",
  "pk": 25,
  "fields": {
    "time_created": "2021-10-29T12:50:05.378Z",
    "time_updated": "2021-11-03T11:04:36.405Z",
    "active": true,
    "sku": "PR-00025",
    "title": "The Last Dab | APOLLO",
    "category": 5,
    "brand": 5,
    "image_container": 1,
    "stock": 188,
    "description": "The Last Dab: Apollo joins the Hot Ones lineup as the new king of Mt. Scoville, hero of hot sauces, and crusher of celebrities and chiliheads alike. The Apollo Pepper has been carefully bred and nurtured by Guinness World Record holding chili breeder Smokin’ Ed Currie of Puckerbutt Pepper Co from prized strains of his famed Carolina Reaper and Pepper X. The Apollo brings this heritage to new heights of capsaicin, packing a more concentrated punch than any of its forebears. The flavor of The Apollo comes from the sweetness of Carolina Reaper, tinged with the earthiness of Pepper X - it’s a culinary powerhouse. The heat profile of The Apollo Pepper is akin to having your head slowly lit aflame. You feel the fire consume your entire skull, your tongue smolders, burning tears pour from your eyes. And then, five minutes later, the ride is over, your heart rate returns to normal, the panic subsides. This pepper is like no other."
  }
},
{
  "model": "storefront.product",
  "pk": 26,
  "fields": {
    "time_created": "2021-10-29T12:50:05.391Z",
    "time_updated": "2021-11-03T11:04:36.420Z",
    "active": true,
    "sku": "PR-00026",
    "title": "Karma | Scorpion Disco",
    "category": 5,
    "brand": 5,
    "image_container": 2,
    "stock": 189,
    "description": "Gene from Karma Sauce Co is bringing the boogie with this scorching hot Scorpion pepper hot sauce. One of the hottest on earth, Trinidad Scorpion peppers lend this sauce their signature floral flavor and sharp heat before being backed up by ghost peppers, chocolate habaneros and 7 Pot Primo peppers. These chiles are going full Saturday Night Fever, and your taste buds are their dance floor! Excellent on fried chicken dishes (think the world’s best hot cherry sauce), jerk marinades or mixed into a rich yogurt for a flaming hot dipping sauce."
  }
},
{
  "model": "storefront.product",
  "pk": 27,
  "fields": {
    "time_created": "2021-10-29T12:50:05.403Z",
    "time_updated": "2021-11-03T11:04:36.442Z",
    "active": true,
    "sku": "PR-00027",
    "title": "Hotter Than El | Love Burns",
    "category": 5,
    "brand": 5,
    "image_container": 3,
    "stock": 190,
    "description": "Following their ghost hot sauce’s debut on Hot Ones Season 12, Hotter Than El is back with a spicier spot in the lineup at #7. This bright, vinegar-forward sauce gets its pleasant peppery notes from a mix of 7 Pot Primo, Carolina Reaper and Trinidad Scorpion peppers. Plus some ghost chile powder for good measure! Lime juice and carrots add freshness and tang, making this an excellent hot wing sauce (mix with melted butter unless you’re ready to handle the burn). "
  }
},
{
  "model": "storefront.product",
  "pk": 28,
  "fields": {
    "time_created": "2021-10-29T12:50:05.415Z",
    "time_updated": "2021-11-03T11:04:36.464Z",
    "active": true,
    "sku": "PR-00028",
    "title": "High Desert | Tikk-Hot Masala",
    "category": 5,
    "brand": 5,
    "image_container": 4,
    "stock": 191,
    "description": "An aromatic spice blend, this hot sauce brings creamy coconut milk and tangy tomatoes blended with a medium-hot mix of Anaheim, ghost and Carolina Reaper peppers - basically all the flavors of your favorite Tikka Masala. A little agave nectar adds sweetness, with fresh garlic and toasted cumin bringing the savory. A newcomer to the Hot Ones hot sauce family, this medium-hot sauce turns up the volume of curries and soups, as well as hearty meats like lamb."
  }
},
{
  "model": "storefront.product",
  "pk": 29,
  "fields": {
    "time_created": "2021-10-29T12:50:05.427Z",
    "time_updated": "2021-11-03T11:04:36.485Z",
    "active": true,
    "sku": "PR-00029",
    "title": "Ginger Goat | The Original Goat (The OG)",
    "category": 5,
    "brand": 5,
    "image_container": 5,
    "stock": 192,
    "description": "Ginger hot sauce! Need we say more? Ginger Goat lives up to its name with a billy goat kick of zippy, throat-clearing ginger root that is perfectly balanced with bright, tropical smoked pineapple. Slow building heat from just a handful of Carolina Reapers in each batch add a tingle at the back of the throat. If ginger health shots were a delicious sauce, they’d taste like this. Marinade chicken, toss it on salad, top healthy grain bowls and more - the possibilities are endless with this one!"
  }
},
{
  "model": "storefront.product",
  "pk": 30,
  "fields": {
    "time_created": "2021-10-29T12:50:05.439Z",
    "time_updated": "2021-11-03T11:04:36.500Z",
    "active": true,
    "sku": "PR-00030",
    "title": "Hot Ones | Los Calientes Barbacoa",
    "category": 5,
    "brand": 5,
    "image_container": 6,
    "stock": 193,
    "description": "Inspired by one of our favorite culinary traditions, Los Calientes Barbacoa pays homage to the origins of barbecue. Deep earthy notes from chipotle peppers blend with applewood smoked red jalapenos to evoke the essential elements of ancient barbecue: earth, smoke and heat. Sweet apricots and tart tomatillos balance things out and compliment the bright citrus notes, while culantro and cumin add herby complexity. Medium-heat habanero heat spreads warmly over the tongue. No one ingredient outshines the others, for a sauce that is uniquely complete - just like the satisfaction of that perfect bite. A new must-have for all your summer favorites: slow cooking meats, grilling veggies, topping tacos and so much more!"
  }
},
{
  "model": "storefront.product",
  "pk": 31,
  "fields": {
    "time_created": "2021-10-29T12:50:05.454Z",
    "time_updated": "2021-11-03T11:04:36.514Z",
    "active": true,
    "sku": "PR-00031",
    "title": "Cantina Royal | Tomasa",
    "category": 5,
    "brand": 6,
    "image_container": 7,
    "stock": 194,
    "description": "For those familiar with Catina Royal’s Tamaulipeka hot sauce from Hot Ones Season 11, Tomasa is similarly rich but has a darker hue that hints at its intense flavor. The sauce gets its inky color from earthy roasted manzano chiles, which are highlighted by a strong hit of garlic (super strong!) and the sauce’s silky corn oil base. Smokey and savory, Tomasa brings out the umami in everything from tacos to pizza to dumplings."
  }
},
{
  "model": "storefront.product",
  "pk": 32,
  "fields": {
    "time_created": "2021-10-29T12:50:05.462Z",
    "time_updated": "2021-11-03T11:04:36.532Z",
    "active": true,
    "sku": "PR-00032",
    "title": "Savir Foods | Jala Pepa",
    "category": 5,
    "brand": 6,
    "image_container": 8,
    "stock": 195,
    "description": "Savir Foods chef Josue Rivas focuses on fresh, veggie-forward food, and this hot sauce is no exception. Jala Pepa was inspired by his favorite herby Peruvian dish. A new must-have for cilantro lovers, the grassy notes blend with jalapenos and golden aji amarillo peppers. The addition of grape seed oil and dates create a creamy texture that, combined with the easy heat level, make it tempting to use on all occasions. Try on your next burrito bowl, avocado toast, or swirl into hummus!"
  }
},
{
  "model": "storefront.product",
  "pk": 33,
  "fields": {
    "time_created": "2021-10-29T12:50:05.471Z",
    "time_updated": "2021-11-03T11:04:36.553Z",
    "active": true,
    "sku": "PR-00033",
    "title": "Hot Ones | The Classic",
    "category": 5,
    "brand": 6,
    "image_container": 9,
    "stock": 196,
    "description": "The #1 sauce on Hot Ones! When it came time to craft the perfect kick-off to Sean's spicy conversations, we knew we wanted a hot sauce that was as timeless as the chicken wing. After sampling many of the world's best peppers we decided to go with Chile de Arbol, prized for its complex, fresh flavors. The chiles and sauce are grown/made by our great friend Smokin' Ed Currie of Puckerbutt Pepper Co, who says it may be the tastiest hot sauce he's ever crafted. For lots of flavor and a healthy tang, try it on everything, and use liberally."
  }
},
{
  "model": "storefront.product",
  "pk": 34,
  "fields": {
    "time_created": "2021-10-29T12:50:05.480Z",
    "time_updated": "2021-11-03T11:04:36.574Z",
    "active": true,
    "sku": "PR-00034",
    "title": "Season 15 Hot Ones Trio",
    "category": 5,
    "brand": 6,
    "image_container": 10,
    "stock": 197,
    "description": "The signature Hot Ones hot sauces anchoring the Season 15 lineup! This pack features the mildest, mid-range and hottest sauces on the wings of doom. Hot Ones’ uber versatile #1 sauce, The Classic, is an updated take on American hot sauce traditions that have only gotten better with experience. Next is medium heat from the newest addition to the Hot Ones hot sauce fam, Los Calientes Barbacoa, which pays homage to the ancient roots of barbecue with smoky chipotles and habaneros. Finishing things off is The Last Dab: Apollo, the hottest sauce to grace the 10th wing in the lineup. The only sauce in the world made with Smokin’ Ed’s newest proprietary pepper, The Apollo will leave you gasping for air. Careful around the eyes! "
  }
},
{
  "model": "storefront.product",
  "pk": 35,
  "fields": {
    "time_created": "2021-10-29T12:50:05.489Z",
    "time_updated": "2021-11-03T11:04:36.595Z",
    "active": true,
    "sku": "PR-00035",
    "title": "Season 15 Heat Pack",
    "category": 5,
    "brand": 6,
    "image_container": 11,
    "stock": 198,
    "description": "The wilder side of Hot Ones Season 15! These medium to blazing hot sauces spice up the 6, 7 and 9th spots in the lineup. High Desert Sauce Co’s Tikk-Hot Masala starts heating things up with a modest mix of ghost pepper and Carolina Reaper. Bold garam masala spices and coconut milk base balance the heat of those pepper power players. In the #7 spot, Hotter Than El’s Love Burns ups the ante even further with a blend of 7 Pot Primos, Reapers and Scorpion peppers. Karma Sauce came through with a scorcher of a #9 sauce, Scorpion Disco. Four different super hot peppers combine to put the fever in Saturday night. The pack for pepperheads and anyone looking for a challenge!"
  }
},
{
  "model": "storefront.product",
  "pk": 36,
  "fields": {
    "time_created": "2021-10-29T12:50:05.502Z",
    "time_updated": "2021-11-03T11:04:36.610Z",
    "active": true,
    "sku": "PR-00036",
    "title": "Season 15 Warmup Pack",
    "category": 5,
    "brand": 6,
    "image_container": 12,
    "stock": 199,
    "description": "The not-so-wild sauces from the Hot Ones lineup! The first half of the Season 15 lineup features sauces with destination-inspired ingredients and incredible depth of flavor. Take #2 sauce Jala Pepa, which features cilantro and the aji amarillo, inspired by the flavors of Peru. In the #3 spot, Cantina Royal’s Tomasa channels the flavors of Mexico with a luxurious oil base and earthy charred manzano peppers. At #5, The Original Goat is made in Canada but tastes straight out of the tropics thanks to smoked pineapple and a heaping dose of fresh ginger. All three have just-right heat, perfect for folks focused on flavor and don’t want to break a sweat."
  }
},
{
  "model": "storefront.product",
  "pk": 37,
  "fields": {
    "time_created": "2021-10-29T12:50:05.513Z",
    "time_updated": "2021-11-03T11:04:36.625Z",
    "active": true,
    "sku": "PR-00037",
    "title": "OG SIG PACK",
    "category": 6,
    "brand": 7,
    "image_container": 1,
    "stock": 200,
    "description": ""
  }
},
{
  "model": "storefront.product",
  "pk": 38,
  "fields": {
    "time_created": "2021-10-29T12:50:05.524Z",
    "time_updated": "2021-11-03T11:04:36.644Z",
    "active": true,
    "sku": "PR-00038",
    "title": "THE SNACKER PACK",
    "category": 6,
    "brand": 7,
    "image_container": 2,
    "stock": 201,
    "description": ""
  }
},
{
  "model": "storefront.product",
  "pk": 39,
  "fields": {
    "time_created": "2021-10-29T12:50:05.535Z",
    "time_updated": "2021-11-03T11:04:36.665Z",
    "active": true,
    "sku": "PR-00039",
    "title": "NUTTY PACK",
    "category": 6,
    "brand": 7,
    "image_container": 3,
    "stock": 202,
    "description": ""
  }
},
{
  "model": "storefront.product",
  "pk": 40,
  "fields": {
    "time_created": "2021-10-29T12:50:05.546Z",
    "time_updated": "2021-11-03T11:04:36.687Z",
    "active": true,
    "sku": "PR-00040",
    "title": "BIRTHDAY PACK",
    "category": 6,
    "brand": 7,
    "image_container": 4,
    "stock": 203,
    "description": ""
  }
},
{
  "model": "storefront.product",
  "pk": 41,
  "fields": {
    "time_created": "2021-10-29T12:50:05.556Z",
    "time_updated": "2021-11-03T11:04:36.704Z",
    "active": true,
    "sku": "PR-00041",
    "title": "COMBO CLASSIC PACK",
    "category": 6,
    "brand": 7,
    "image_container": 5,
    "stock": 204,
    "description": ""
  }
},
{
  "model": "storefront.product",
  "pk": 42,
  "fields": {
    "time_created": "2021-10-29T12:50:05.563Z",
    "time_updated": "2021-11-03T11:04:36.719Z",
    "active": true,
    "sku": "PR-00042",
    "title": "SUGAR DADDY PACK",
    "category": 6,
    "brand": 7,
    "image_container": 6,
    "stock": 205,
    "description": ""
  }
},
{
  "model": "storefront.product",
  "pk": 43,
  "fields": {
    "time_created": "2021-10-29T12:50:05.571Z",
    "time_updated": "2021-11-03T11:04:36.735Z",
    "active": true,
    "sku": "PR-00043",
    "title": "CELEBRATION PACK",
    "category": 6,
    "brand": 8,
    "image_container": 7,
    "stock": 206,
    "description": ""
  }
},
{
  "model": "storefront.product",
  "pk": 44,
  "fields": {
    "time_created": "2021-10-29T12:50:05.579Z",
    "time_updated": "2021-11-03T11:04:36.758Z",
    "active": true,
    "sku": "PR-00044",
    "title": "COMBO PACK (GLUTEN FREE)",
    "category": 6,
    "brand": 8,
    "image_container": 8,
    "stock": 207,
    "description": ""
  }
},
{
  "model": "storefront.product",
  "pk": 45,
  "fields": {
    "time_created": "2021-10-29T12:50:05.586Z",
    "time_updated": "2021-11-03T11:04:36.780Z",
    "active": true,
    "sku": "PR-00045",
    "title": "MARSHMALLOW HOT COCOA PACK (GLUTEN FREE)",
    "category": 6,
    "brand": 8,
    "image_container": 9,
    "stock": 208,
    "description": ""
  }
},
{
  "model": "storefront.product",
  "pk": 46,
  "fields": {
    "time_created": "2021-10-29T12:50:05.594Z",
    "time_updated": "2021-11-03T11:04:36.802Z",
    "active": true,
    "sku": "PR-00046",
    "title": "CHOCO CHIP PACK",
    "category": 6,
    "brand": 8,
    "image_container": 10,
    "stock": 209,
    "description": ""
  }
},
{
  "model": "storefront.product",
  "pk": 47,
  "fields": {
    "time_created": "2021-10-29T12:50:05.605Z",
    "time_updated": "2021-11-03T11:04:36.819Z",
    "active": true,
    "sku": "PR-00047",
    "title": "CHOCO CHIP (GLUTEN FREE)",
    "category": 6,
    "brand": 8,
    "image_container": 11,
    "stock": 210,
    "description": ""
  }
},
{
  "model": "storefront.product",
  "pk": 48,
  "fields": {
    "time_created": "2021-10-29T12:50:05.616Z",
    "time_updated": "2021-11-03T11:04:36.834Z",
    "active": true,
    "sku": "PR-00048",
    "title": "OG SIG PACK - DIY",
    "category": 6,
    "brand": 8,
    "image_container": 12,
    "stock": 211,
    "description": ""
  }
},
{
  "model": "storefront.product",
  "pk": 49,
  "fields": {
    "time_created": "2021-10-29T12:50:05.627Z",
    "time_updated": "2021-11-03T11:04:36.848Z",
    "active": true,
    "sku": "PR-00049",
    "title": "Red Bull Energy Drink, 8.4 Fl Oz (12 pack)",
    "category": 7,
    "brand": 9,
    "image_container": 1,
    "stock": 212,
    "description": "RED BULL GIVES YOU WINGS\nInspired by functional drinks from the Far East, Dietrich Mateschitz founded Red Bull in the mid-1980s. He developed a new product and a unique marketing concept and launched Red Bull Energy Drink on April 1, 1987 in Austria. A brand new product category - Energy Drinks - was born."
  }
},
{
  "model": "storefront.product",
  "pk": 50,
  "fields": {
    "time_created": "2021-10-29T12:50:05.639Z",
    "time_updated": "2021-11-03T11:04:36.870Z",
    "active": true,
    "sku": "PR-00050",
    "title": "Hubba Bubba Max Gum, 5 Pieces, 18 ct",
    "category": 7,
    "brand": 9,
    "image_container": 2,
    "stock": 213,
    "description": "Hubba Bubba Max Gum, 5 Pieces, 18 ctProduct Details-Bubble Gum-Outrageous Original-5 pieces per pack-18 ctHubba Bubba Max Bubble Gum, Original, 5-Piece Packs"
  }
},
{
  "model": "storefront.product",
  "pk": 51,
  "fields": {
    "time_created": "2021-10-29T12:50:05.651Z",
    "time_updated": "2021-11-03T11:04:36.891Z",
    "active": true,
    "sku": "PR-00051",
    "title": "Hawaiian Punch Fruit Juicy Red, 1 Gallon",
    "category": 7,
    "brand": 9,
    "image_container": 3,
    "stock": 214,
    "description": "Enjoy the refreshing taste of Hawaiian Punch Fruit Juicy Red. When it comes to fruit juice drinks, Hawaiian Punch is The Big Kahuna. Bursting with the bold taste of natural fruit juices, Hawaiian Punch fruit juice is a delicious and unique taste that kids and the entire family will enjoy. This family-sized 1-gal container is the ideal drink for dinner time or anytime. Hawaiian Punch fruit punch is both caffeine and carbonation-free and provides 100 percent of the daily value of vitamin C. Treat your family to the delicious taste of Hawaiian Punch. The large bottle is ideal sharing with family and friends."
  }
},
{
  "model": "storefront.product",
  "pk": 52,
  "fields": {
    "time_created": "2021-10-29T12:50:05.662Z",
    "time_updated": "2021-11-03T11:04:36.912Z",
    "active": true,
    "sku": "PR-00052",
    "title": "Green Giant® Extra Long Asparagus Spears 4-15 oz. Cans",
    "category": 7,
    "brand": 9,
    "image_container": 4,
    "stock": 215,
    "description": "Green Giant Asparagus Spears - 4/15 oz. cans4 Pack"
  }
},
{
  "model": "storefront.product",
  "pk": 53,
  "fields": {
    "time_created": "2021-10-29T12:50:05.670Z",
    "time_updated": "2021-11-03T11:04:36.927Z",
    "active": true,
    "sku": "PR-00053",
    "title": "Keystone All Natural Pork, 28 oz Can",
    "category": 7,
    "brand": 9,
    "image_container": 5,
    "stock": 216,
    "description": "Create a delicious meal with this Keystone Heat & Serve Pork Nutrition. It is fully cooked and made with all-natural ingredients. This Keystone canned meat comes in a 28 oz size. This product is minimally processed and contains no artificial ingredients."
  }
},
{
  "model": "storefront.product",
  "pk": 54,
  "fields": {
    "time_created": "2021-10-29T12:50:05.678Z",
    "time_updated": "2021-11-03T11:04:36.943Z",
    "active": true,
    "sku": "PR-00054",
    "title": "Banza Cavatappi Pasta, 8 oz",
    "category": 7,
    "brand": 9,
    "image_container": 6,
    "stock": 217,
    "description": "Chickpeas make delicious pasta. That's why we used them to create Banza. Now it's your turn. So bake your ziti, mac your cheese, and pesto the rest-o, because your favorite family meal is back on the menu!"
  }
},
{
  "model": "storefront.product",
  "pk": 55,
  "fields": {
    "time_created": "2021-10-29T12:50:05.686Z",
    "time_updated": "2021-11-03T11:04:36.960Z",
    "active": true,
    "sku": "PR-00055",
    "title": "Payday, Chocolatey Covered Peanut Caramel Standard Candy Bars, 24 pack",
    "category": 7,
    "brand": 10,
    "image_container": 7,
    "stock": 218,
    "description": "PAYDAY Peanut Caramel Bars have been a favorite of peanut fans for decades and now they have a chocolatey coating!. Treat yourself to a delicious treat made from salty peanuts and a chewy caramel filling. Each bar is individually wrapped for snacking on the go or sharing with friends. This candy is OU Certified as a Kosher food. This product ships as 1.85-ounce bars in a pack of 24."
  }
},
{
  "model": "storefront.product",
  "pk": 56,
  "fields": {
    "time_created": "2021-10-29T12:50:05.694Z",
    "time_updated": "2021-11-03T11:04:36.982Z",
    "active": true,
    "sku": "PR-00056",
    "title": "Classic Guava Hard Candy - 12.3 Oz",
    "category": 7,
    "brand": 10,
    "image_container": 8,
    "stock": 219,
    "description": ""
  }
},
{
  "model": "storefront.product",
  "pk": 57,
  "fields": {
    "time_created": "2021-10-29T12:50:05.706Z",
    "time_updated": "2021-11-03T11:04:37.004Z",
    "active": true,
    "sku": "PR-00057",
    "title": "original gourmet lollipops, cotton candy, 30 count",
    "category": 7,
    "brand": 10,
    "image_container": 9,
    "stock": 220,
    "description": "1.1 ounces (or 31 grams, if you will) of the most delicious cotton candy lollipops you will ever taste. its like standing in line at the local fair and getting handed sweet deliciousness on a stick that you then devour within 2.5 minutes while sharing none with your pesky little brother! except you dont have to stand in line for this cotton candy lollipop! it lasts an hour and is small enough to hide from that pesky little brother, so you still dont have to share! original gourmets patented gravity-pouring process (yes, it turns out you can patent things like that) ensures every sucker lives up to its gourmet name."
  }
},
{
  "model": "storefront.product",
  "pk": 58,
  "fields": {
    "time_created": "2021-10-29T12:50:05.718Z",
    "time_updated": "2021-11-03T11:04:37.023Z",
    "active": true,
    "sku": "PR-00058",
    "title": "Arm & Hammer Pure Baking Soda, 12 lb",
    "category": 7,
    "brand": 10,
    "image_container": 10,
    "stock": 221,
    "description": "Discover the secret of ARM & HAMMER Baking Soda, the simple solution for a clean and fresh home. Baking soda is the most versatile product in your home and ARM & HAMMER is the most recognized brand. You know that Baking soda is great for cooking and baking. Now, discover more than 100 ways to save time and money with Baking Soda, from cleaning your carpets to getting rid of pet odors, making laundry sparkle, creating inexpensive craft for kids, and even enjoying a spa-worthy pedicure. Whether you need a quick solution for mopping dirty kitchen floors, a non-abrasive way to scrub bathroom countertops, or a chemical-free way to clean toys, furniture, pots and pans, we've got tips to make every room in your home shine and smell fresh. Put ARM & HAMMER to work all around your home! With its natural pure and gentle cleaning power, there isn't a place in your home where dirt and odors are safe."
  }
},
{
  "model": "storefront.product",
  "pk": 59,
  "fields": {
    "time_created": "2021-10-29T12:50:05.730Z",
    "time_updated": "2021-11-03T11:04:37.038Z",
    "active": true,
    "sku": "PR-00059",
    "title": "Local Hive Raw & Unfiltered Wildflower Honey 16 oz",
    "category": 7,
    "brand": 10,
    "image_container": 11,
    "stock": 222,
    "description": "Est 1924. Authentic. We've always made our honey one way: Locally. We partner with American beekeepers from coast to coast to bring you authentic wildflower honey that stays true to the blooming flowers our bees chose. It's raw & unfiltered, straight from American beekeepers to you. Bee happy. US Grade A strained. localhivehoney.com Facebook (at)localhivehoney. Support the American Beekeeper. PACE: Pollinator awareness through conservation and education. A portion of proceeds goes toward promoting, protecting and prolonging pollination."
  }
},
{
  "model": "storefront.product",
  "pk": 60,
  "fields": {
    "time_created": "2021-10-29T12:50:06.443Z",
    "time_updated": "2021-11-03T13:17:39.288Z",
    "active": true,
    "sku": "PR-00060",
    "title": "Cocaine",
    "category": 7,
    "brand": 10,
    "image_container": 12,
    "stock": 223,
    "description": "Ouch"
  }
},
{
  "model": "storefront.product",
  "pk": 66,
  "fields": {
    "time_created": "2021-10-30T21:05:48.745Z",
    "time_updated": "2021-11-03T14:51:31.303Z",
    "active": true,
    "sku": "PRD-1",
    "title": "Spiciest Spice OVER 9000 SC",
    "category": 3,
    "brand": 2,
    "image_container": 16,
    "stock": 224,
    "description": "D"
  }
},
{
  "model": "storefront.product",
  "pk": 67,
  "fields": {
    "time_created": "2021-11-03T13:12:58.322Z",
    "time_updated": "2021-11-03T15:13:39.121Z",
    "active": true,
    "sku": "PR-999",
    "title": "BALALAIKA",
    "category": 4,
    "brand": 1,
    "image_container": 17,
    "stock": 225,
    "description": ""
  }
},
{
  "model": "storefront.product",
  "pk": 68,
  "fields": {
    "time_created": "2021-11-03T13:18:28.139Z",
    "time_updated": "2021-11-03T15:04:35.806Z",
    "active": true,
    "sku": "999",
    "title": "Sea Salt with BBQ flavour 320g",
    "category": 4,
    "brand": 3,
    "image_container": 18,
    "stock": null,
    "description": ""
  }
},
{
  "model": "storefront.category",
  "pk": 1,
  "fields": {
    "time_created": "2021-10-29T11:40:31.521Z",
    "time_updated": "2021-10-31T17:16:38.174Z",
    "active": true,
    "title": "Categories",
    "parent_cat": null,
    "is_parent": true
  }
},
{
  "model": "storefront.category",
  "pk": 2,
  "fields": {
    "time_created": "2021-10-29T11:40:41.114Z",
    "time_updated": "2021-10-31T17:15:52.533Z",
    "active": true,
    "title": "Food",
    "parent_cat": 1,
    "is_parent": true
  }
},
{
  "model": "storefront.category",
  "pk": 3,
  "fields": {
    "time_created": "2021-10-29T11:41:07.868Z",
    "time_updated": "2021-10-29T11:41:07.868Z",
    "active": true,
    "title": "Spices",
    "parent_cat": 2,
    "is_parent": false
  }
},
{
  "model": "storefront.category",
  "pk": 4,
  "fields": {
    "time_created": "2021-10-29T11:41:26.222Z",
    "time_updated": "2021-10-29T11:41:26.222Z",
    "active": true,
    "title": "Coffee and tea",
    "parent_cat": 2,
    "is_parent": false
  }
},
{
  "model": "storefront.category",
  "pk": 5,
  "fields": {
    "time_created": "2021-10-29T11:41:38.196Z",
    "time_updated": "2021-10-29T11:41:38.196Z",
    "active": true,
    "title": "Condiments and sauces",
    "parent_cat": 2,
    "is_parent": false
  }
},
{
  "model": "storefront.category",
  "pk": 6,
  "fields": {
    "time_created": "2021-10-29T11:41:55.959Z",
    "time_updated": "2021-10-30T18:10:12.370Z",
    "active": true,
    "title": "Cookies",
    "parent_cat": 2,
    "is_parent": false
  }
},
{
  "model": "storefront.category",
  "pk": 7,
  "fields": {
    "time_created": "2021-10-29T11:42:01.725Z",
    "time_updated": "2021-10-29T11:42:01.726Z",
    "active": true,
    "title": "Other",
    "parent_cat": 2,
    "is_parent": false
  }
},
{
  "model": "storefront.brand",
  "pk": 1,
  "fields": {
    "time_created": "2021-10-29T12:02:00.668Z",
    "time_updated": "2021-10-29T12:02:00.668Z",
    "active": true,
    "title": "Spice King",
    "logo": ""
  }
},
{
  "model": "storefront.brand",
  "pk": 2,
  "fields": {
    "time_created": "2021-10-29T12:02:10.803Z",
    "time_updated": "2021-10-31T15:13:56.464Z",
    "active": true,
    "title": "Melange",
    "logo": ""
  }
},
{
  "model": "storefront.brand",
  "pk": 3,
  "fields": {
    "time_created": "2021-10-29T12:02:15.903Z",
    "time_updated": "2021-10-29T12:02:15.903Z",
    "active": true,
    "title": "BlackRock",
    "logo": ""
  }
},
{
  "model": "storefront.brand",
  "pk": 4,
  "fields": {
    "time_created": "2021-10-29T12:02:24.882Z",
    "time_updated": "2021-10-29T12:02:24.882Z",
    "active": true,
    "title": "White Leaf",
    "logo": ""
  }
},
{
  "model": "storefront.brand",
  "pk": 5,
  "fields": {
    "time_created": "2021-10-29T12:02:32.230Z",
    "time_updated": "2021-10-30T18:09:57.250Z",
    "active": true,
    "title": "First We Feast",
    "logo": "brand_logos/55_1.jpg"
  }
},
{
  "model": "storefront.brand",
  "pk": 6,
  "fields": {
    "time_created": "2021-10-29T12:02:38.851Z",
    "time_updated": "2021-10-29T12:02:38.851Z",
    "active": true,
    "title": "Heinz",
    "logo": ""
  }
},
{
  "model": "storefront.brand",
  "pk": 7,
  "fields": {
    "time_created": "2021-10-29T12:02:45.140Z",
    "time_updated": "2021-10-30T21:10:29.645Z",
    "active": true,
    "title": "DEEZ NUTS",
    "logo": ""
  }
},
{
  "model": "storefront.brand",
  "pk": 8,
  "fields": {
    "time_created": "2021-10-29T12:02:55.963Z",
    "time_updated": "2021-10-29T12:02:55.963Z",
    "active": true,
    "title": "Girl Scout Trademark",
    "logo": ""
  }
},
{
  "model": "storefront.brand",
  "pk": 9,
  "fields": {
    "time_created": "2021-10-29T12:03:05.020Z",
    "time_updated": "2021-10-29T12:03:05.020Z",
    "active": true,
    "title": "Veidt Enterprises",
    "logo": ""
  }
},
{
  "model": "storefront.brand",
  "pk": 10,
  "fields": {
    "time_created": "2021-10-29T12:03:10.715Z",
    "time_updated": "2021-10-29T12:03:10.715Z",
    "active": true,
    "title": "Unknown",
    "logo": ""
  }
},
{
  "model": "storefront.brand",
  "pk": 11,
  "fields": {
    "time_created": "2021-11-03T11:10:26.270Z",
    "time_updated": "2021-11-03T11:10:26.270Z",
    "active": true,
    "title": "Custom Brand",
    "logo": ""
  }
},
{
  "model": "storefront.stock",
  "pk": 1,
  "fields": {
    "time_created": "2021-10-29T12:03:30.674Z",
    "time_updated": "2021-10-29T12:03:30.674Z",
    "active": true,
    "price": "1000.00",
    "quantity": 10,
    "discount_price": "500.00"
  }
},
{
  "model": "storefront.stock",
  "pk": 2,
  "fields": {
    "time_created": "2021-10-29T12:03:43.067Z",
    "time_updated": "2021-10-29T12:03:43.067Z",
    "active": true,
    "price": "2000.00",
    "quantity": 20,
    "discount_price": "200.00"
  }
},
{
  "model": "storefront.stock",
  "pk": 3,
  "fields": {
    "time_created": "2021-10-29T12:04:21.713Z",
    "time_updated": "2021-10-29T12:04:21.713Z",
    "active": true,
    "price": "300.00",
    "quantity": 3,
    "discount_price": "0.00"
  }
},
{
  "model": "storefront.stock",
  "pk": 4,
  "fields": {
    "time_created": "2021-10-29T12:05:04.694Z",
    "time_updated": "2021-10-29T12:05:04.694Z",
    "active": true,
    "price": "500.00",
    "quantity": 5,
    "discount_price": null
  }
},
{
  "model": "storefront.stock",
  "pk": 5,
  "fields": {
    "time_created": "2021-10-29T12:05:11.348Z",
    "time_updated": "2021-10-29T12:05:11.348Z",
    "active": true,
    "price": "299.00",
    "quantity": 1,
    "discount_price": null
  }
},
{
  "model": "storefront.stock",
  "pk": 6,
  "fields": {
    "time_created": "2021-10-29T12:05:23.671Z",
    "time_updated": "2021-10-29T12:05:23.671Z",
    "active": true,
    "price": "10099.00",
    "quantity": 23,
    "discount_price": "5999.00"
  }
},
{
  "model": "storefront.stock",
  "pk": 7,
  "fields": {
    "time_created": "2021-10-29T12:05:33.946Z",
    "time_updated": "2021-10-29T12:05:33.946Z",
    "active": true,
    "price": "115000.00",
    "quantity": 10,
    "discount_price": "111000.00"
  }
},
{
  "model": "storefront.stock",
  "pk": 8,
  "fields": {
    "time_created": "2021-10-29T12:05:39.384Z",
    "time_updated": "2021-10-29T12:05:39.384Z",
    "active": true,
    "price": "523.00",
    "quantity": 6,
    "discount_price": null
  }
},
{
  "model": "storefront.stock",
  "pk": 9,
  "fields": {
    "time_created": "2021-10-29T12:05:49.132Z",
    "time_updated": "2021-10-29T12:05:49.132Z",
    "active": true,
    "price": "9999.00",
    "quantity": 90,
    "discount_price": "999.00"
  }
},
{
  "model": "storefront.stock",
  "pk": 10,
  "fields": {
    "time_created": "2021-10-29T12:05:56.877Z",
    "time_updated": "2021-10-29T12:05:56.877Z",
    "active": true,
    "price": "500.00",
    "quantity": 0,
    "discount_price": "500.00"
  }
},
{
  "model": "storefront.stock",
  "pk": 11,
  "fields": {
    "time_created": "2021-10-31T08:25:31.227Z",
    "time_updated": "2021-10-31T08:25:31.227Z",
    "active": true,
    "price": "500.00",
    "quantity": 10,
    "discount_price": "500.00"
  }
},
{
  "model": "storefront.stock",
  "pk": 12,
  "fields": {
    "time_created": "2021-10-31T18:32:49.869Z",
    "time_updated": "2021-10-31T18:32:49.870Z",
    "active": true,
    "price": "500.00",
    "quantity": 10,
    "discount_price": "500.00"
  }
},
{
  "model": "storefront.stock",
  "pk": 13,
  "fields": {
    "time_created": "2021-10-31T18:32:49.886Z",
    "time_updated": "2021-10-31T18:32:49.886Z",
    "active": true,
    "price": "500.00",
    "quantity": 10,
    "discount_price": "1000.00"
  }
},
{
  "model": "storefront.stock",
  "pk": 14,
  "fields": {
    "time_created": "2021-11-01T11:54:11.556Z",
    "time_updated": "2021-11-01T11:54:11.556Z",
    "active": true,
    "price": "1000.00",
    "quantity": 1,
    "discount_price": "500.00"
  }
},
{
  "model": "storefront.stock",
  "pk": 15,
  "fields": {
    "time_created": "2021-11-01T11:54:11.572Z",
    "time_updated": "2021-11-01T11:54:11.572Z",
    "active": true,
    "price": "2000.00",
    "quantity": 2,
    "discount_price": "1000.00"
  }
},
{
  "model": "storefront.stock",
  "pk": 16,
  "fields": {
    "time_created": "2021-11-01T11:54:11.588Z",
    "time_updated": "2021-11-01T11:54:11.588Z",
    "active": true,
    "price": "3000.00",
    "quantity": 3,
    "discount_price": "1500.00"
  }
},
{
  "model": "storefront.stock",
  "pk": 17,
  "fields": {
    "time_created": "2021-11-01T11:54:11.605Z",
    "time_updated": "2021-11-01T11:54:11.605Z",
    "active": true,
    "price": "4000.00",
    "quantity": 4,
    "discount_price": "3333.00"
  }
},
{
  "model": "storefront.stock",
  "pk": 18,
  "fields": {
    "time_created": "2021-11-01T11:54:11.627Z",
    "time_updated": "2021-11-01T11:54:11.627Z",
    "active": true,
    "price": "5000.00",
    "quantity": 5,
    "discount_price": "500.00"
  }
},
{
  "model": "storefront.stock",
  "pk": 19,
  "fields": {
    "time_created": "2021-11-01T11:54:11.649Z",
    "time_updated": "2021-11-01T11:54:11.649Z",
    "active": true,
    "price": "9999.00",
    "quantity": 0,
    "discount_price": "4999.00"
  }
},
{
  "model": "storefront.stock",
  "pk": 20,
  "fields": {
    "time_created": "2021-11-01T11:54:11.669Z",
    "time_updated": "2021-11-01T11:54:11.669Z",
    "active": true,
    "price": "340.00",
    "quantity": 7,
    "discount_price": "200.00"
  }
},
{
  "model": "storefront.stock",
  "pk": 21,
  "fields": {
    "time_created": "2021-11-01T11:55:10.247Z",
    "time_updated": "2021-11-01T11:55:10.247Z",
    "active": true,
    "price": "1000.00",
    "quantity": 1,
    "discount_price": "500.00"
  }
},
{
  "model": "storefront.stock",
  "pk": 22,
  "fields": {
    "time_created": "2021-11-01T11:55:10.264Z",
    "time_updated": "2021-11-01T11:55:10.264Z",
    "active": true,
    "price": "2000.00",
    "quantity": 2,
    "discount_price": "1000.00"
  }
},
{
  "model": "storefront.stock",
  "pk": 23,
  "fields": {
    "time_created": "2021-11-01T11:55:10.280Z",
    "time_updated": "2021-11-01T11:55:10.280Z",
    "active": true,
    "price": "3000.00",
    "quantity": 3,
    "discount_price": "1500.00"
  }
},
{
  "model": "storefront.stock",
  "pk": 24,
  "fields": {
    "time_created": "2021-11-01T11:55:10.299Z",
    "time_updated": "2021-11-01T11:55:10.299Z",
    "active": true,
    "price": "4000.00",
    "quantity": 4,
    "discount_price": "3333.00"
  }
},
{
  "model": "storefront.stock",
  "pk": 25,
  "fields": {
    "time_created": "2021-11-01T11:55:10.321Z",
    "time_updated": "2021-11-01T11:55:10.321Z",
    "active": true,
    "price": "5000.00",
    "quantity": 5,
    "discount_price": "500.00"
  }
},
{
  "model": "storefront.stock",
  "pk": 26,
  "fields": {
    "time_created": "2021-11-01T11:55:10.342Z",
    "time_updated": "2021-11-01T11:55:10.342Z",
    "active": true,
    "price": "9999.00",
    "quantity": 0,
    "discount_price": "4999.00"
  }
},
{
  "model": "storefront.stock",
  "pk": 27,
  "fields": {
    "time_created": "2021-11-01T11:55:10.367Z",
    "time_updated": "2021-11-01T11:55:10.367Z",
    "active": true,
    "price": "340.00",
    "quantity": 7,
    "discount_price": "200.00"
  }
},
{
  "model": "storefront.stock",
  "pk": 28,
  "fields": {
    "time_created": "2021-11-01T11:57:42.485Z",
    "time_updated": "2021-11-01T11:57:42.485Z",
    "active": true,
    "price": "1000.00",
    "quantity": 1,
    "discount_price": "500.00"
  }
},
{
  "model": "storefront.stock",
  "pk": 29,
  "fields": {
    "time_created": "2021-11-01T11:57:42.507Z",
    "time_updated": "2021-11-01T11:57:42.507Z",
    "active": true,
    "price": "2000.00",
    "quantity": 2,
    "discount_price": "1000.00"
  }
},
{
  "model": "storefront.stock",
  "pk": 30,
  "fields": {
    "time_created": "2021-11-01T11:57:42.528Z",
    "time_updated": "2021-11-01T11:57:42.528Z",
    "active": true,
    "price": "3000.00",
    "quantity": 3,
    "discount_price": "1500.00"
  }
},
{
  "model": "storefront.stock",
  "pk": 31,
  "fields": {
    "time_created": "2021-11-01T11:57:42.549Z",
    "time_updated": "2021-11-01T11:57:42.549Z",
    "active": true,
    "price": "4000.00",
    "quantity": 4,
    "discount_price": "3333.00"
  }
},
{
  "model": "storefront.stock",
  "pk": 32,
  "fields": {
    "time_created": "2021-11-01T11:57:42.565Z",
    "time_updated": "2021-11-01T11:57:42.565Z",
    "active": true,
    "price": "5000.00",
    "quantity": 5,
    "discount_price": "500.00"
  }
},
{
  "model": "storefront.stock",
  "pk": 33,
  "fields": {
    "time_created": "2021-11-01T11:57:42.579Z",
    "time_updated": "2021-11-01T11:57:42.579Z",
    "active": true,
    "price": "9999.00",
    "quantity": 0,
    "discount_price": "4999.00"
  }
},
{
  "model": "storefront.stock",
  "pk": 34,
  "fields": {
    "time_created": "2021-11-01T11:57:42.595Z",
    "time_updated": "2021-11-01T11:57:42.595Z",
    "active": true,
    "price": "340.00",
    "quantity": 7,
    "discount_price": "200.00"
  }
},
{
  "model": "storefront.stock",
  "pk": 35,
  "fields": {
    "time_created": "2021-11-01T12:23:14.522Z",
    "time_updated": "2021-11-01T12:23:14.522Z",
    "active": true,
    "price": "1000.00",
    "quantity": 1,
    "discount_price": "500.00"
  }
},
{
  "model": "storefront.stock",
  "pk": 36,
  "fields": {
    "time_created": "2021-11-01T12:23:14.550Z",
    "time_updated": "2021-11-01T12:23:14.550Z",
    "active": true,
    "price": "2000.00",
    "quantity": 2,
    "discount_price": "1000.00"
  }
},
{
  "model": "storefront.stock",
  "pk": 37,
  "fields": {
    "time_created": "2021-11-01T12:23:14.572Z",
    "time_updated": "2021-11-01T12:23:14.572Z",
    "active": true,
    "price": "3000.00",
    "quantity": 3,
    "discount_price": "1500.00"
  }
},
{
  "model": "storefront.stock",
  "pk": 38,
  "fields": {
    "time_created": "2021-11-01T12:23:14.593Z",
    "time_updated": "2021-11-01T12:23:14.593Z",
    "active": true,
    "price": "4000.00",
    "quantity": 4,
    "discount_price": "3333.00"
  }
},
{
  "model": "storefront.stock",
  "pk": 39,
  "fields": {
    "time_created": "2021-11-01T12:23:14.608Z",
    "time_updated": "2021-11-01T12:23:14.608Z",
    "active": true,
    "price": "5000.00",
    "quantity": 5,
    "discount_price": "500.00"
  }
},
{
  "model": "storefront.stock",
  "pk": 40,
  "fields": {
    "time_created": "2021-11-01T12:23:14.624Z",
    "time_updated": "2021-11-01T12:23:14.624Z",
    "active": true,
    "price": "9999.00",
    "quantity": 0,
    "discount_price": "4999.00"
  }
},
{
  "model": "storefront.stock",
  "pk": 41,
  "fields": {
    "time_created": "2021-11-01T12:23:14.645Z",
    "time_updated": "2021-11-01T12:23:14.645Z",
    "active": true,
    "price": "340.00",
    "quantity": 7,
    "discount_price": "200.00"
  }
},
{
  "model": "storefront.stock",
  "pk": 42,
  "fields": {
    "time_created": "2021-11-01T12:24:25.759Z",
    "time_updated": "2021-11-01T12:24:25.759Z",
    "active": true,
    "price": "1000.00",
    "quantity": 1,
    "discount_price": "500.00"
  }
},
{
  "model": "storefront.stock",
  "pk": 43,
  "fields": {
    "time_created": "2021-11-01T12:24:25.781Z",
    "time_updated": "2021-11-01T12:24:25.781Z",
    "active": true,
    "price": "2000.00",
    "quantity": 2,
    "discount_price": "1000.00"
  }
},
{
  "model": "storefront.stock",
  "pk": 44,
  "fields": {
    "time_created": "2021-11-01T12:24:25.802Z",
    "time_updated": "2021-11-01T12:24:25.802Z",
    "active": true,
    "price": "3000.00",
    "quantity": 3,
    "discount_price": "1500.00"
  }
},
{
  "model": "storefront.stock",
  "pk": 45,
  "fields": {
    "time_created": "2021-11-01T12:24:25.824Z",
    "time_updated": "2021-11-01T12:24:25.824Z",
    "active": true,
    "price": "4000.00",
    "quantity": 4,
    "discount_price": "3333.00"
  }
},
{
  "model": "storefront.stock",
  "pk": 46,
  "fields": {
    "time_created": "2021-11-01T12:24:25.839Z",
    "time_updated": "2021-11-01T12:24:25.839Z",
    "active": true,
    "price": "5000.00",
    "quantity": 5,
    "discount_price": "500.00"
  }
},
{
  "model": "storefront.stock",
  "pk": 47,
  "fields": {
    "time_created": "2021-11-01T12:24:25.854Z",
    "time_updated": "2021-11-01T12:24:25.854Z",
    "active": true,
    "price": "9999.00",
    "quantity": 0,
    "discount_price": "4999.00"
  }
},
{
  "model": "storefront.stock",
  "pk": 48,
  "fields": {
    "time_created": "2021-11-01T12:24:25.869Z",
    "time_updated": "2021-11-01T12:24:25.869Z",
    "active": true,
    "price": "340.00",
    "quantity": 7,
    "discount_price": "200.00"
  }
},
{
  "model": "storefront.stock",
  "pk": 49,
  "fields": {
    "time_created": "2021-11-01T12:24:25.891Z",
    "time_updated": "2021-11-01T12:24:25.891Z",
    "active": true,
    "price": "135000.00",
    "quantity": 8,
    "discount_price": null
  }
},
{
  "model": "storefront.stock",
  "pk": 50,
  "fields": {
    "time_created": "2021-11-01T12:24:25.912Z",
    "time_updated": "2021-11-01T12:24:25.912Z",
    "active": true,
    "price": "10999.00",
    "quantity": 9,
    "discount_price": null
  }
},
{
  "model": "storefront.stock",
  "pk": 51,
  "fields": {
    "time_created": "2021-11-01T12:24:25.933Z",
    "time_updated": "2021-11-01T12:24:25.933Z",
    "active": true,
    "price": "20.00",
    "quantity": 10,
    "discount_price": null
  }
},
{
  "model": "storefront.stock",
  "pk": 52,
  "fields": {
    "time_created": "2021-11-01T12:24:25.949Z",
    "time_updated": "2021-11-01T12:24:25.949Z",
    "active": true,
    "price": "1000.00",
    "quantity": 1,
    "discount_price": "500.00"
  }
},
{
  "model": "storefront.stock",
  "pk": 53,
  "fields": {
    "time_created": "2021-11-01T12:24:25.964Z",
    "time_updated": "2021-11-01T12:24:25.964Z",
    "active": true,
    "price": "2000.00",
    "quantity": 2,
    "discount_price": "1000.00"
  }
},
{
  "model": "storefront.stock",
  "pk": 54,
  "fields": {
    "time_created": "2021-11-01T12:24:25.979Z",
    "time_updated": "2021-11-01T12:24:25.979Z",
    "active": true,
    "price": "3000.00",
    "quantity": 3,
    "discount_price": "1500.00"
  }
},
{
  "model": "storefront.stock",
  "pk": 55,
  "fields": {
    "time_created": "2021-11-01T12:24:26.001Z",
    "time_updated": "2021-11-01T12:24:26.001Z",
    "active": true,
    "price": "4000.00",
    "quantity": 4,
    "discount_price": "3333.00"
  }
},
{
  "model": "storefront.stock",
  "pk": 56,
  "fields": {
    "time_created": "2021-11-01T12:24:26.022Z",
    "time_updated": "2021-11-01T12:24:26.022Z",
    "active": true,
    "price": "5000.00",
    "quantity": 5,
    "discount_price": "500.00"
  }
},
{
  "model": "storefront.stock",
  "pk": 57,
  "fields": {
    "time_created": "2021-11-01T12:24:26.042Z",
    "time_updated": "2021-11-01T12:24:26.042Z",
    "active": true,
    "price": "9999.00",
    "quantity": 0,
    "discount_price": "4999.00"
  }
},
{
  "model": "storefront.stock",
  "pk": 58,
  "fields": {
    "time_created": "2021-11-01T12:24:26.057Z",
    "time_updated": "2021-11-01T12:24:26.057Z",
    "active": true,
    "price": "340.00",
    "quantity": 7,
    "discount_price": "200.00"
  }
},
{
  "model": "storefront.stock",
  "pk": 59,
  "fields": {
    "time_created": "2021-11-01T12:24:26.072Z",
    "time_updated": "2021-11-01T12:24:26.072Z",
    "active": true,
    "price": "135000.00",
    "quantity": 8,
    "discount_price": null
  }
},
{
  "model": "storefront.stock",
  "pk": 60,
  "fields": {
    "time_created": "2021-11-01T12:24:26.091Z",
    "time_updated": "2021-11-01T12:24:26.091Z",
    "active": true,
    "price": "10999.00",
    "quantity": 9,
    "discount_price": null
  }
},
{
  "model": "storefront.stock",
  "pk": 61,
  "fields": {
    "time_created": "2021-11-01T12:24:26.113Z",
    "time_updated": "2021-11-01T12:24:26.113Z",
    "active": true,
    "price": "20.00",
    "quantity": 10,
    "discount_price": null
  }
},
{
  "model": "storefront.stock",
  "pk": 62,
  "fields": {
    "time_created": "2021-11-01T12:24:26.135Z",
    "time_updated": "2021-11-01T12:24:26.135Z",
    "active": true,
    "price": "1000.00",
    "quantity": 1,
    "discount_price": "500.00"
  }
},
{
  "model": "storefront.stock",
  "pk": 63,
  "fields": {
    "time_created": "2021-11-01T12:24:26.155Z",
    "time_updated": "2021-11-01T12:24:26.155Z",
    "active": true,
    "price": "2000.00",
    "quantity": 2,
    "discount_price": "1000.00"
  }
},
{
  "model": "storefront.stock",
  "pk": 64,
  "fields": {
    "time_created": "2021-11-01T12:24:26.170Z",
    "time_updated": "2021-11-01T12:24:26.170Z",
    "active": true,
    "price": "3000.00",
    "quantity": 3,
    "discount_price": "1500.00"
  }
},
{
  "model": "storefront.stock",
  "pk": 65,
  "fields": {
    "time_created": "2021-11-01T12:24:26.184Z",
    "time_updated": "2021-11-01T12:24:26.184Z",
    "active": true,
    "price": "4000.00",
    "quantity": 4,
    "discount_price": "3333.00"
  }
},
{
  "model": "storefront.stock",
  "pk": 66,
  "fields": {
    "time_created": "2021-11-01T12:24:26.202Z",
    "time_updated": "2021-11-01T12:24:26.202Z",
    "active": true,
    "price": "5000.00",
    "quantity": 5,
    "discount_price": "500.00"
  }
},
{
  "model": "storefront.stock",
  "pk": 67,
  "fields": {
    "time_created": "2021-11-01T12:24:26.223Z",
    "time_updated": "2021-11-01T12:24:26.223Z",
    "active": true,
    "price": "9999.00",
    "quantity": 6,
    "discount_price": "4999.00"
  }
},
{
  "model": "storefront.stock",
  "pk": 68,
  "fields": {
    "time_created": "2021-11-01T12:24:26.245Z",
    "time_updated": "2021-11-01T12:24:26.245Z",
    "active": true,
    "price": "340.00",
    "quantity": 7,
    "discount_price": "200.00"
  }
},
{
  "model": "storefront.stock",
  "pk": 69,
  "fields": {
    "time_created": "2021-11-01T12:24:26.264Z",
    "time_updated": "2021-11-01T12:24:26.264Z",
    "active": true,
    "price": "135000.00",
    "quantity": 8,
    "discount_price": null
  }
},
{
  "model": "storefront.stock",
  "pk": 70,
  "fields": {
    "time_created": "2021-11-01T12:24:26.280Z",
    "time_updated": "2021-11-01T12:24:26.280Z",
    "active": true,
    "price": "10999.00",
    "quantity": 9,
    "discount_price": null
  }
},
{
  "model": "storefront.stock",
  "pk": 71,
  "fields": {
    "time_created": "2021-11-01T12:24:26.299Z",
    "time_updated": "2021-11-01T12:24:26.299Z",
    "active": true,
    "price": "20.00",
    "quantity": 10,
    "discount_price": null
  }
},
{
  "model": "storefront.stock",
  "pk": 72,
  "fields": {
    "time_created": "2021-11-01T12:24:26.319Z",
    "time_updated": "2021-11-01T12:24:26.319Z",
    "active": true,
    "price": "1000.00",
    "quantity": 1,
    "discount_price": "500.00"
  }
},
{
  "model": "storefront.stock",
  "pk": 73,
  "fields": {
    "time_created": "2021-11-01T12:24:26.341Z",
    "time_updated": "2021-11-01T12:24:26.341Z",
    "active": true,
    "price": "2000.00",
    "quantity": 2,
    "discount_price": "1000.00"
  }
},
{
  "model": "storefront.stock",
  "pk": 74,
  "fields": {
    "time_created": "2021-11-01T12:24:26.362Z",
    "time_updated": "2021-11-01T12:24:26.362Z",
    "active": true,
    "price": "3000.00",
    "quantity": 3,
    "discount_price": "1500.00"
  }
},
{
  "model": "storefront.stock",
  "pk": 75,
  "fields": {
    "time_created": "2021-11-01T12:24:26.378Z",
    "time_updated": "2021-11-01T12:24:26.378Z",
    "active": true,
    "price": "4000.00",
    "quantity": 4,
    "discount_price": "3333.00"
  }
},
{
  "model": "storefront.stock",
  "pk": 76,
  "fields": {
    "time_created": "2021-11-01T12:24:26.394Z",
    "time_updated": "2021-11-01T12:24:26.394Z",
    "active": true,
    "price": "5000.00",
    "quantity": 0,
    "discount_price": "500.00"
  }
},
{
  "model": "storefront.stock",
  "pk": 77,
  "fields": {
    "time_created": "2021-11-01T12:24:26.409Z",
    "time_updated": "2021-11-01T12:24:26.409Z",
    "active": true,
    "price": "9999.00",
    "quantity": 6,
    "discount_price": "4999.00"
  }
},
{
  "model": "storefront.stock",
  "pk": 78,
  "fields": {
    "time_created": "2021-11-01T12:24:26.431Z",
    "time_updated": "2021-11-01T12:24:26.431Z",
    "active": true,
    "price": "340.00",
    "quantity": 7,
    "discount_price": "200.00"
  }
},
{
  "model": "storefront.stock",
  "pk": 79,
  "fields": {
    "time_created": "2021-11-01T12:24:26.453Z",
    "time_updated": "2021-11-01T12:24:26.453Z",
    "active": true,
    "price": "135000.00",
    "quantity": 8,
    "discount_price": null
  }
},
{
  "model": "storefront.stock",
  "pk": 80,
  "fields": {
    "time_created": "2021-11-01T12:24:26.474Z",
    "time_updated": "2021-11-01T12:24:26.474Z",
    "active": true,
    "price": "10999.00",
    "quantity": 9,
    "discount_price": null
  }
},
{
  "model": "storefront.stock",
  "pk": 81,
  "fields": {
    "time_created": "2021-11-01T12:24:26.488Z",
    "time_updated": "2021-11-01T12:24:26.488Z",
    "active": true,
    "price": "20.00",
    "quantity": 10,
    "discount_price": null
  }
},
{
  "model": "storefront.stock",
  "pk": 82,
  "fields": {
    "time_created": "2021-11-01T12:24:26.503Z",
    "time_updated": "2021-11-01T12:24:26.503Z",
    "active": true,
    "price": "1000.00",
    "quantity": 1,
    "discount_price": "500.00"
  }
},
{
  "model": "storefront.stock",
  "pk": 83,
  "fields": {
    "time_created": "2021-11-01T12:24:26.520Z",
    "time_updated": "2021-11-01T12:24:26.520Z",
    "active": true,
    "price": "2000.00",
    "quantity": 2,
    "discount_price": "1000.00"
  }
},
{
  "model": "storefront.stock",
  "pk": 84,
  "fields": {
    "time_created": "2021-11-01T12:24:26.542Z",
    "time_updated": "2021-11-01T12:24:26.542Z",
    "active": true,
    "price": "3000.00",
    "quantity": 0,
    "discount_price": "1500.00"
  }
},
{
  "model": "storefront.stock",
  "pk": 85,
  "fields": {
    "time_created": "2021-11-01T12:24:26.564Z",
    "time_updated": "2021-11-01T12:24:26.564Z",
    "active": true,
    "price": "4000.00",
    "quantity": 4,
    "discount_price": "3333.00"
  }
},
{
  "model": "storefront.stock",
  "pk": 86,
  "fields": {
    "time_created": "2021-11-01T12:24:26.584Z",
    "time_updated": "2021-11-01T12:24:26.584Z",
    "active": true,
    "price": "5000.00",
    "quantity": 5,
    "discount_price": "500.00"
  }
},
{
  "model": "storefront.stock",
  "pk": 87,
  "fields": {
    "time_created": "2021-11-01T12:24:26.599Z",
    "time_updated": "2021-11-01T12:24:26.599Z",
    "active": true,
    "price": "9999.00",
    "quantity": 6,
    "discount_price": "4999.00"
  }
},
{
  "model": "storefront.stock",
  "pk": 88,
  "fields": {
    "time_created": "2021-11-01T12:24:26.614Z",
    "time_updated": "2021-11-01T12:24:26.614Z",
    "active": true,
    "price": "340.00",
    "quantity": 7,
    "discount_price": "200.00"
  }
},
{
  "model": "storefront.stock",
  "pk": 89,
  "fields": {
    "time_created": "2021-11-01T12:24:26.633Z",
    "time_updated": "2021-11-01T12:24:26.633Z",
    "active": true,
    "price": "135000.00",
    "quantity": 8,
    "discount_price": null
  }
},
{
  "model": "storefront.stock",
  "pk": 90,
  "fields": {
    "time_created": "2021-11-01T12:24:26.655Z",
    "time_updated": "2021-11-01T12:24:26.655Z",
    "active": true,
    "price": "10999.00",
    "quantity": 9,
    "discount_price": null
  }
},
{
  "model": "storefront.stock",
  "pk": 91,
  "fields": {
    "time_created": "2021-11-01T12:24:26.676Z",
    "time_updated": "2021-11-01T12:24:26.676Z",
    "active": true,
    "price": "20.00",
    "quantity": 10,
    "discount_price": null
  }
},
{
  "model": "storefront.stock",
  "pk": 92,
  "fields": {
    "time_created": "2021-11-01T12:24:26.696Z",
    "time_updated": "2021-11-01T12:24:26.696Z",
    "active": true,
    "price": "1000.00",
    "quantity": 1,
    "discount_price": "500.00"
  }
},
{
  "model": "storefront.stock",
  "pk": 93,
  "fields": {
    "time_created": "2021-11-01T12:24:26.711Z",
    "time_updated": "2021-11-01T12:24:26.711Z",
    "active": true,
    "price": "2000.00",
    "quantity": 2,
    "discount_price": "1000.00"
  }
},
{
  "model": "storefront.stock",
  "pk": 94,
  "fields": {
    "time_created": "2021-11-01T12:24:26.727Z",
    "time_updated": "2021-11-01T12:24:26.727Z",
    "active": true,
    "price": "3000.00",
    "quantity": 3,
    "discount_price": "1500.00"
  }
},
{
  "model": "storefront.stock",
  "pk": 95,
  "fields": {
    "time_created": "2021-11-01T12:24:26.747Z",
    "time_updated": "2021-11-01T12:24:26.747Z",
    "active": true,
    "price": "4000.00",
    "quantity": 4,
    "discount_price": "3333.00"
  }
},
{
  "model": "storefront.stock",
  "pk": 96,
  "fields": {
    "time_created": "2021-11-01T12:24:26.770Z",
    "time_updated": "2021-11-01T12:24:26.770Z",
    "active": true,
    "price": "5000.00",
    "quantity": 0,
    "discount_price": "500.00"
  }
},
{
  "model": "storefront.stock",
  "pk": 97,
  "fields": {
    "time_created": "2021-11-01T12:24:26.793Z",
    "time_updated": "2021-11-01T12:24:26.793Z",
    "active": true,
    "price": "9999.00",
    "quantity": 6,
    "discount_price": "4999.00"
  }
},
{
  "model": "storefront.stock",
  "pk": 98,
  "fields": {
    "time_created": "2021-11-01T12:24:26.815Z",
    "time_updated": "2021-11-01T12:24:26.815Z",
    "active": true,
    "price": "340.00",
    "quantity": 7,
    "discount_price": "200.00"
  }
},
{
  "model": "storefront.stock",
  "pk": 99,
  "fields": {
    "time_created": "2021-11-01T12:24:26.832Z",
    "time_updated": "2021-11-01T12:24:26.832Z",
    "active": true,
    "price": "135000.00",
    "quantity": 8,
    "discount_price": null
  }
},
{
  "model": "storefront.stock",
  "pk": 100,
  "fields": {
    "time_created": "2021-11-01T12:24:26.848Z",
    "time_updated": "2021-11-01T12:24:26.848Z",
    "active": true,
    "price": "10999.00",
    "quantity": 9,
    "discount_price": null
  }
},
{
  "model": "storefront.stock",
  "pk": 101,
  "fields": {
    "time_created": "2021-11-01T12:24:26.867Z",
    "time_updated": "2021-11-01T12:24:26.867Z",
    "active": true,
    "price": "20.00",
    "quantity": 10,
    "discount_price": null
  }
},
{
  "model": "storefront.stock",
  "pk": 102,
  "fields": {
    "time_created": "2021-11-01T12:24:26.888Z",
    "time_updated": "2021-11-01T12:24:26.888Z",
    "active": true,
    "price": "500.00",
    "quantity": 10,
    "discount_price": "1000.00"
  }
},
{
  "model": "storefront.stock",
  "pk": 103,
  "fields": {
    "time_created": "2021-11-01T12:24:34.085Z",
    "time_updated": "2021-11-01T12:24:34.085Z",
    "active": true,
    "price": "1000.00",
    "quantity": 1,
    "discount_price": "500.00"
  }
},
{
  "model": "storefront.stock",
  "pk": 104,
  "fields": {
    "time_created": "2021-11-01T12:24:34.107Z",
    "time_updated": "2021-11-01T12:24:34.107Z",
    "active": true,
    "price": "2000.00",
    "quantity": 2,
    "discount_price": "1000.00"
  }
},
{
  "model": "storefront.stock",
  "pk": 105,
  "fields": {
    "time_created": "2021-11-01T12:24:34.130Z",
    "time_updated": "2021-11-01T12:24:34.131Z",
    "active": true,
    "price": "3000.00",
    "quantity": 3,
    "discount_price": "1500.00"
  }
},
{
  "model": "storefront.stock",
  "pk": 106,
  "fields": {
    "time_created": "2021-11-01T12:24:34.150Z",
    "time_updated": "2021-11-01T12:24:34.150Z",
    "active": true,
    "price": "4000.00",
    "quantity": 4,
    "discount_price": "3333.00"
  }
},
{
  "model": "storefront.stock",
  "pk": 107,
  "fields": {
    "time_created": "2021-11-01T12:24:34.166Z",
    "time_updated": "2021-11-01T12:24:34.166Z",
    "active": true,
    "price": "5000.00",
    "quantity": 5,
    "discount_price": "500.00"
  }
},
{
  "model": "storefront.stock",
  "pk": 108,
  "fields": {
    "time_created": "2021-11-01T12:24:34.182Z",
    "time_updated": "2021-11-01T12:24:34.182Z",
    "active": true,
    "price": "9999.00",
    "quantity": 0,
    "discount_price": "4999.00"
  }
},
{
  "model": "storefront.stock",
  "pk": 109,
  "fields": {
    "time_created": "2021-11-01T12:24:34.198Z",
    "time_updated": "2021-11-01T12:24:34.198Z",
    "active": true,
    "price": "340.00",
    "quantity": 7,
    "discount_price": "200.00"
  }
},
{
  "model": "storefront.stock",
  "pk": 110,
  "fields": {
    "time_created": "2021-11-01T12:24:34.220Z",
    "time_updated": "2021-11-01T12:24:34.220Z",
    "active": true,
    "price": "135000.00",
    "quantity": 8,
    "discount_price": null
  }
},
{
  "model": "storefront.stock",
  "pk": 111,
  "fields": {
    "time_created": "2021-11-01T12:24:34.242Z",
    "time_updated": "2021-11-01T12:24:34.242Z",
    "active": true,
    "price": "10999.00",
    "quantity": 9,
    "discount_price": null
  }
},
{
  "model": "storefront.stock",
  "pk": 112,
  "fields": {
    "time_created": "2021-11-01T12:24:34.262Z",
    "time_updated": "2021-11-01T12:24:34.262Z",
    "active": true,
    "price": "20.00",
    "quantity": 10,
    "discount_price": null
  }
},
{
  "model": "storefront.stock",
  "pk": 113,
  "fields": {
    "time_created": "2021-11-01T12:24:34.277Z",
    "time_updated": "2021-11-01T12:24:34.277Z",
    "active": true,
    "price": "1000.00",
    "quantity": 1,
    "discount_price": "500.00"
  }
},
{
  "model": "storefront.stock",
  "pk": 114,
  "fields": {
    "time_created": "2021-11-01T12:24:34.295Z",
    "time_updated": "2021-11-01T12:24:34.295Z",
    "active": true,
    "price": "2000.00",
    "quantity": 2,
    "discount_price": "1000.00"
  }
},
{
  "model": "storefront.stock",
  "pk": 115,
  "fields": {
    "time_created": "2021-11-01T12:24:34.315Z",
    "time_updated": "2021-11-01T12:24:34.315Z",
    "active": true,
    "price": "3000.00",
    "quantity": 3,
    "discount_price": "1500.00"
  }
},
{
  "model": "storefront.stock",
  "pk": 116,
  "fields": {
    "time_created": "2021-11-01T12:24:34.338Z",
    "time_updated": "2021-11-01T12:24:34.338Z",
    "active": true,
    "price": "4000.00",
    "quantity": 4,
    "discount_price": "3333.00"
  }
},
{
  "model": "storefront.stock",
  "pk": 117,
  "fields": {
    "time_created": "2021-11-01T12:24:34.360Z",
    "time_updated": "2021-11-01T12:24:34.360Z",
    "active": true,
    "price": "5000.00",
    "quantity": 5,
    "discount_price": "500.00"
  }
},
{
  "model": "storefront.stock",
  "pk": 118,
  "fields": {
    "time_created": "2021-11-01T12:24:34.379Z",
    "time_updated": "2021-11-01T12:24:34.380Z",
    "active": true,
    "price": "9999.00",
    "quantity": 0,
    "discount_price": "4999.00"
  }
},
{
  "model": "storefront.stock",
  "pk": 119,
  "fields": {
    "time_created": "2021-11-01T12:24:34.394Z",
    "time_updated": "2021-11-01T12:24:34.394Z",
    "active": true,
    "price": "340.00",
    "quantity": 7,
    "discount_price": "200.00"
  }
},
{
  "model": "storefront.stock",
  "pk": 120,
  "fields": {
    "time_created": "2021-11-01T12:24:34.409Z",
    "time_updated": "2021-11-01T12:24:34.409Z",
    "active": true,
    "price": "135000.00",
    "quantity": 8,
    "discount_price": null
  }
},
{
  "model": "storefront.stock",
  "pk": 121,
  "fields": {
    "time_created": "2021-11-01T12:24:34.428Z",
    "time_updated": "2021-11-01T12:24:34.428Z",
    "active": true,
    "price": "10999.00",
    "quantity": 9,
    "discount_price": null
  }
},
{
  "model": "storefront.stock",
  "pk": 122,
  "fields": {
    "time_created": "2021-11-01T12:24:34.450Z",
    "time_updated": "2021-11-01T12:24:34.450Z",
    "active": true,
    "price": "20.00",
    "quantity": 10,
    "discount_price": null
  }
},
{
  "model": "storefront.stock",
  "pk": 123,
  "fields": {
    "time_created": "2021-11-01T12:24:34.473Z",
    "time_updated": "2021-11-01T12:24:34.473Z",
    "active": true,
    "price": "1000.00",
    "quantity": 1,
    "discount_price": "500.00"
  }
},
{
  "model": "storefront.stock",
  "pk": 124,
  "fields": {
    "time_created": "2021-11-01T12:24:34.493Z",
    "time_updated": "2021-11-01T12:24:34.493Z",
    "active": true,
    "price": "2000.00",
    "quantity": 2,
    "discount_price": "1000.00"
  }
},
{
  "model": "storefront.stock",
  "pk": 125,
  "fields": {
    "time_created": "2021-11-01T12:24:34.509Z",
    "time_updated": "2021-11-01T12:24:34.509Z",
    "active": true,
    "price": "3000.00",
    "quantity": 3,
    "discount_price": "1500.00"
  }
},
{
  "model": "storefront.stock",
  "pk": 126,
  "fields": {
    "time_created": "2021-11-01T12:24:34.524Z",
    "time_updated": "2021-11-01T12:24:34.524Z",
    "active": true,
    "price": "4000.00",
    "quantity": 4,
    "discount_price": "3333.00"
  }
},
{
  "model": "storefront.stock",
  "pk": 127,
  "fields": {
    "time_created": "2021-11-01T12:24:34.543Z",
    "time_updated": "2021-11-01T12:24:34.543Z",
    "active": true,
    "price": "5000.00",
    "quantity": 5,
    "discount_price": "500.00"
  }
},
{
  "model": "storefront.stock",
  "pk": 128,
  "fields": {
    "time_created": "2021-11-01T12:24:34.565Z",
    "time_updated": "2021-11-01T12:24:34.565Z",
    "active": true,
    "price": "9999.00",
    "quantity": 6,
    "discount_price": "4999.00"
  }
},
{
  "model": "storefront.stock",
  "pk": 129,
  "fields": {
    "time_created": "2021-11-01T12:24:34.587Z",
    "time_updated": "2021-11-01T12:24:34.587Z",
    "active": true,
    "price": "340.00",
    "quantity": 7,
    "discount_price": "200.00"
  }
},
{
  "model": "storefront.stock",
  "pk": 130,
  "fields": {
    "time_created": "2021-11-01T12:24:34.605Z",
    "time_updated": "2021-11-01T12:24:34.605Z",
    "active": true,
    "price": "135000.00",
    "quantity": 8,
    "discount_price": null
  }
},
{
  "model": "storefront.stock",
  "pk": 131,
  "fields": {
    "time_created": "2021-11-01T12:24:34.620Z",
    "time_updated": "2021-11-01T12:24:34.620Z",
    "active": true,
    "price": "10999.00",
    "quantity": 9,
    "discount_price": null
  }
},
{
  "model": "storefront.stock",
  "pk": 132,
  "fields": {
    "time_created": "2021-11-01T12:24:34.635Z",
    "time_updated": "2021-11-01T12:24:34.635Z",
    "active": true,
    "price": "20.00",
    "quantity": 10,
    "discount_price": null
  }
},
{
  "model": "storefront.stock",
  "pk": 133,
  "fields": {
    "time_created": "2021-11-01T12:24:34.654Z",
    "time_updated": "2021-11-01T12:24:34.654Z",
    "active": true,
    "price": "1000.00",
    "quantity": 1,
    "discount_price": "500.00"
  }
},
{
  "model": "storefront.stock",
  "pk": 134,
  "fields": {
    "time_created": "2021-11-01T12:24:34.675Z",
    "time_updated": "2021-11-01T12:24:34.675Z",
    "active": true,
    "price": "2000.00",
    "quantity": 2,
    "discount_price": "1000.00"
  }
},
{
  "model": "storefront.stock",
  "pk": 135,
  "fields": {
    "time_created": "2021-11-01T12:24:34.696Z",
    "time_updated": "2021-11-01T12:24:34.696Z",
    "active": true,
    "price": "3000.00",
    "quantity": 3,
    "discount_price": "1500.00"
  }
},
{
  "model": "storefront.stock",
  "pk": 136,
  "fields": {
    "time_created": "2021-11-01T12:24:34.719Z",
    "time_updated": "2021-11-01T12:24:34.719Z",
    "active": true,
    "price": "4000.00",
    "quantity": 4,
    "discount_price": "3333.00"
  }
},
{
  "model": "storefront.stock",
  "pk": 137,
  "fields": {
    "time_created": "2021-11-01T12:24:34.734Z",
    "time_updated": "2021-11-01T12:24:34.734Z",
    "active": true,
    "price": "5000.00",
    "quantity": 0,
    "discount_price": "500.00"
  }
},
{
  "model": "storefront.stock",
  "pk": 138,
  "fields": {
    "time_created": "2021-11-01T12:24:34.750Z",
    "time_updated": "2021-11-01T12:24:34.750Z",
    "active": true,
    "price": "9999.00",
    "quantity": 6,
    "discount_price": "4999.00"
  }
},
{
  "model": "storefront.stock",
  "pk": 139,
  "fields": {
    "time_created": "2021-11-01T12:24:34.781Z",
    "time_updated": "2021-11-01T12:24:34.781Z",
    "active": true,
    "price": "340.00",
    "quantity": 7,
    "discount_price": "200.00"
  }
},
{
  "model": "storefront.stock",
  "pk": 140,
  "fields": {
    "time_created": "2021-11-01T12:24:34.803Z",
    "time_updated": "2021-11-01T12:24:34.803Z",
    "active": true,
    "price": "135000.00",
    "quantity": 8,
    "discount_price": null
  }
},
{
  "model": "storefront.stock",
  "pk": 141,
  "fields": {
    "time_created": "2021-11-01T12:24:34.852Z",
    "time_updated": "2021-11-01T12:24:34.852Z",
    "active": true,
    "price": "10999.00",
    "quantity": 9,
    "discount_price": null
  }
},
{
  "model": "storefront.stock",
  "pk": 142,
  "fields": {
    "time_created": "2021-11-01T12:24:34.866Z",
    "time_updated": "2021-11-01T12:24:34.866Z",
    "active": true,
    "price": "20.00",
    "quantity": 10,
    "discount_price": null
  }
},
{
  "model": "storefront.stock",
  "pk": 143,
  "fields": {
    "time_created": "2021-11-01T12:24:34.881Z",
    "time_updated": "2021-11-01T12:24:34.881Z",
    "active": true,
    "price": "1000.00",
    "quantity": 1,
    "discount_price": "500.00"
  }
},
{
  "model": "storefront.stock",
  "pk": 144,
  "fields": {
    "time_created": "2021-11-01T12:24:34.896Z",
    "time_updated": "2021-11-01T12:24:34.896Z",
    "active": true,
    "price": "2000.00",
    "quantity": 2,
    "discount_price": "1000.00"
  }
},
{
  "model": "storefront.stock",
  "pk": 145,
  "fields": {
    "time_created": "2021-11-01T12:24:34.911Z",
    "time_updated": "2021-11-01T12:24:34.911Z",
    "active": true,
    "price": "3000.00",
    "quantity": 0,
    "discount_price": "1500.00"
  }
},
{
  "model": "storefront.stock",
  "pk": 146,
  "fields": {
    "time_created": "2021-11-01T12:24:34.926Z",
    "time_updated": "2021-11-01T12:24:34.926Z",
    "active": true,
    "price": "4000.00",
    "quantity": 4,
    "discount_price": "3333.00"
  }
},
{
  "model": "storefront.stock",
  "pk": 147,
  "fields": {
    "time_created": "2021-11-01T12:24:34.945Z",
    "time_updated": "2021-11-01T12:24:34.945Z",
    "active": true,
    "price": "5000.00",
    "quantity": 5,
    "discount_price": "500.00"
  }
},
{
  "model": "storefront.stock",
  "pk": 148,
  "fields": {
    "time_created": "2021-11-01T12:24:34.967Z",
    "time_updated": "2021-11-01T12:24:34.967Z",
    "active": true,
    "price": "9999.00",
    "quantity": 6,
    "discount_price": "4999.00"
  }
},
{
  "model": "storefront.stock",
  "pk": 149,
  "fields": {
    "time_created": "2021-11-01T12:24:34.988Z",
    "time_updated": "2021-11-01T12:24:34.988Z",
    "active": true,
    "price": "340.00",
    "quantity": 7,
    "discount_price": "200.00"
  }
},
{
  "model": "storefront.stock",
  "pk": 150,
  "fields": {
    "time_created": "2021-11-01T12:24:35.006Z",
    "time_updated": "2021-11-01T12:24:35.006Z",
    "active": true,
    "price": "135000.00",
    "quantity": 8,
    "discount_price": null
  }
},
{
  "model": "storefront.stock",
  "pk": 151,
  "fields": {
    "time_created": "2021-11-01T12:24:35.021Z",
    "time_updated": "2021-11-01T12:24:35.021Z",
    "active": true,
    "price": "10999.00",
    "quantity": 9,
    "discount_price": null
  }
},
{
  "model": "storefront.stock",
  "pk": 152,
  "fields": {
    "time_created": "2021-11-01T12:24:35.039Z",
    "time_updated": "2021-11-01T12:24:35.039Z",
    "active": true,
    "price": "20.00",
    "quantity": 10,
    "discount_price": null
  }
},
{
  "model": "storefront.stock",
  "pk": 153,
  "fields": {
    "time_created": "2021-11-01T12:24:35.061Z",
    "time_updated": "2021-11-01T12:24:35.061Z",
    "active": true,
    "price": "1000.00",
    "quantity": 1,
    "discount_price": "500.00"
  }
},
{
  "model": "storefront.stock",
  "pk": 154,
  "fields": {
    "time_created": "2021-11-01T12:24:35.082Z",
    "time_updated": "2021-11-01T12:24:35.082Z",
    "active": true,
    "price": "2000.00",
    "quantity": 2,
    "discount_price": "1000.00"
  }
},
{
  "model": "storefront.stock",
  "pk": 155,
  "fields": {
    "time_created": "2021-11-01T12:24:35.104Z",
    "time_updated": "2021-11-01T12:24:35.104Z",
    "active": true,
    "price": "3000.00",
    "quantity": 3,
    "discount_price": "1500.00"
  }
},
{
  "model": "storefront.stock",
  "pk": 156,
  "fields": {
    "time_created": "2021-11-01T12:24:35.121Z",
    "time_updated": "2021-11-01T12:24:35.121Z",
    "active": true,
    "price": "4000.00",
    "quantity": 4,
    "discount_price": "3333.00"
  }
},
{
  "model": "storefront.stock",
  "pk": 157,
  "fields": {
    "time_created": "2021-11-01T12:24:35.136Z",
    "time_updated": "2021-11-01T12:24:35.136Z",
    "active": true,
    "price": "5000.00",
    "quantity": 0,
    "discount_price": "500.00"
  }
},
{
  "model": "storefront.stock",
  "pk": 158,
  "fields": {
    "time_created": "2021-11-01T12:24:35.151Z",
    "time_updated": "2021-11-01T12:24:35.151Z",
    "active": true,
    "price": "9999.00",
    "quantity": 6,
    "discount_price": "4999.00"
  }
},
{
  "model": "storefront.stock",
  "pk": 159,
  "fields": {
    "time_created": "2021-11-01T12:24:35.172Z",
    "time_updated": "2021-11-01T12:24:35.172Z",
    "active": true,
    "price": "340.00",
    "quantity": 7,
    "discount_price": "200.00"
  }
},
{
  "model": "storefront.stock",
  "pk": 160,
  "fields": {
    "time_created": "2021-11-01T12:24:35.200Z",
    "time_updated": "2021-11-01T12:24:35.200Z",
    "active": true,
    "price": "135000.00",
    "quantity": 8,
    "discount_price": null
  }
},
{
  "model": "storefront.stock",
  "pk": 161,
  "fields": {
    "time_created": "2021-11-01T12:24:35.220Z",
    "time_updated": "2021-11-01T12:24:35.220Z",
    "active": true,
    "price": "10999.00",
    "quantity": 9,
    "discount_price": null
  }
},
{
  "model": "storefront.stock",
  "pk": 162,
  "fields": {
    "time_created": "2021-11-01T12:24:35.235Z",
    "time_updated": "2021-11-01T12:24:35.235Z",
    "active": true,
    "price": "20.00",
    "quantity": 10,
    "discount_price": null
  }
},
{
  "model": "storefront.stock",
  "pk": 163,
  "fields": {
    "time_created": "2021-11-01T12:24:35.251Z",
    "time_updated": "2021-11-01T12:24:35.251Z",
    "active": true,
    "price": "500.00",
    "quantity": 10,
    "discount_price": "1000.00"
  }
},
{
  "model": "storefront.stock",
  "pk": 164,
  "fields": {
    "time_created": "2021-11-03T11:04:35.936Z",
    "time_updated": "2021-11-03T11:04:35.936Z",
    "active": true,
    "price": "1000.00",
    "quantity": 1,
    "discount_price": "500.00"
  }
},
{
  "model": "storefront.stock",
  "pk": 165,
  "fields": {
    "time_created": "2021-11-03T11:04:35.955Z",
    "time_updated": "2021-11-03T11:04:35.955Z",
    "active": true,
    "price": "2000.00",
    "quantity": 2,
    "discount_price": "1000.00"
  }
},
{
  "model": "storefront.stock",
  "pk": 166,
  "fields": {
    "time_created": "2021-11-03T11:04:35.970Z",
    "time_updated": "2021-11-03T11:04:35.970Z",
    "active": true,
    "price": "3000.00",
    "quantity": 3,
    "discount_price": "1500.00"
  }
},
{
  "model": "storefront.stock",
  "pk": 167,
  "fields": {
    "time_created": "2021-11-03T11:04:35.985Z",
    "time_updated": "2021-11-03T11:04:35.986Z",
    "active": true,
    "price": "4000.00",
    "quantity": 4,
    "discount_price": "3333.00"
  }
},
{
  "model": "storefront.stock",
  "pk": 168,
  "fields": {
    "time_created": "2021-11-03T11:04:36.007Z",
    "time_updated": "2021-11-03T11:04:36.007Z",
    "active": true,
    "price": "5000.00",
    "quantity": 5,
    "discount_price": "500.00"
  }
},
{
  "model": "storefront.stock",
  "pk": 169,
  "fields": {
    "time_created": "2021-11-03T11:04:36.028Z",
    "time_updated": "2021-11-03T11:04:36.028Z",
    "active": true,
    "price": "9999.00",
    "quantity": 0,
    "discount_price": "4999.00"
  }
},
{
  "model": "storefront.stock",
  "pk": 170,
  "fields": {
    "time_created": "2021-11-03T11:04:36.054Z",
    "time_updated": "2021-11-03T11:04:36.054Z",
    "active": true,
    "price": "340.00",
    "quantity": 7,
    "discount_price": "200.00"
  }
},
{
  "model": "storefront.stock",
  "pk": 171,
  "fields": {
    "time_created": "2021-11-03T11:04:36.069Z",
    "time_updated": "2021-11-03T11:04:36.069Z",
    "active": true,
    "price": "135000.00",
    "quantity": 8,
    "discount_price": null
  }
},
{
  "model": "storefront.stock",
  "pk": 172,
  "fields": {
    "time_created": "2021-11-03T11:04:36.084Z",
    "time_updated": "2021-11-03T11:04:36.084Z",
    "active": true,
    "price": "10999.00",
    "quantity": 9,
    "discount_price": null
  }
},
{
  "model": "storefront.stock",
  "pk": 173,
  "fields": {
    "time_created": "2021-11-03T11:04:36.101Z",
    "time_updated": "2021-11-03T11:04:36.101Z",
    "active": true,
    "price": "20.00",
    "quantity": 10,
    "discount_price": null
  }
},
{
  "model": "storefront.stock",
  "pk": 174,
  "fields": {
    "time_created": "2021-11-03T11:04:36.123Z",
    "time_updated": "2021-11-03T11:04:36.123Z",
    "active": true,
    "price": "1000.00",
    "quantity": 1,
    "discount_price": "500.00"
  }
},
{
  "model": "storefront.stock",
  "pk": 175,
  "fields": {
    "time_created": "2021-11-03T11:04:36.145Z",
    "time_updated": "2021-11-03T11:04:36.145Z",
    "active": true,
    "price": "2000.00",
    "quantity": 2,
    "discount_price": "1000.00"
  }
},
{
  "model": "storefront.stock",
  "pk": 176,
  "fields": {
    "time_created": "2021-11-03T11:04:36.166Z",
    "time_updated": "2021-11-03T11:04:36.166Z",
    "active": true,
    "price": "3000.00",
    "quantity": 3,
    "discount_price": "1500.00"
  }
},
{
  "model": "storefront.stock",
  "pk": 177,
  "fields": {
    "time_created": "2021-11-03T11:04:36.181Z",
    "time_updated": "2021-11-03T11:04:36.181Z",
    "active": true,
    "price": "4000.00",
    "quantity": 4,
    "discount_price": "3333.00"
  }
},
{
  "model": "storefront.stock",
  "pk": 178,
  "fields": {
    "time_created": "2021-11-03T11:04:36.196Z",
    "time_updated": "2021-11-03T11:04:36.196Z",
    "active": true,
    "price": "5000.00",
    "quantity": 5,
    "discount_price": "500.00"
  }
},
{
  "model": "storefront.stock",
  "pk": 179,
  "fields": {
    "time_created": "2021-11-03T11:04:36.215Z",
    "time_updated": "2021-11-03T11:04:36.215Z",
    "active": true,
    "price": "9999.00",
    "quantity": 0,
    "discount_price": "4999.00"
  }
},
{
  "model": "storefront.stock",
  "pk": 180,
  "fields": {
    "time_created": "2021-11-03T11:04:36.237Z",
    "time_updated": "2021-11-03T11:04:36.237Z",
    "active": true,
    "price": "340.00",
    "quantity": 7,
    "discount_price": "200.00"
  }
},
{
  "model": "storefront.stock",
  "pk": 181,
  "fields": {
    "time_created": "2021-11-03T11:04:36.264Z",
    "time_updated": "2021-11-03T11:04:36.264Z",
    "active": true,
    "price": "135000.00",
    "quantity": 8,
    "discount_price": null
  }
},
{
  "model": "storefront.stock",
  "pk": 182,
  "fields": {
    "time_created": "2021-11-03T11:04:36.280Z",
    "time_updated": "2021-11-03T11:04:36.280Z",
    "active": true,
    "price": "10999.00",
    "quantity": 9,
    "discount_price": null
  }
},
{
  "model": "storefront.stock",
  "pk": 183,
  "fields": {
    "time_created": "2021-11-03T11:04:36.298Z",
    "time_updated": "2021-11-03T11:04:36.298Z",
    "active": true,
    "price": "20.00",
    "quantity": 10,
    "discount_price": null
  }
},
{
  "model": "storefront.stock",
  "pk": 184,
  "fields": {
    "time_created": "2021-11-03T11:04:36.315Z",
    "time_updated": "2021-11-03T11:04:36.315Z",
    "active": true,
    "price": "1000.00",
    "quantity": 1,
    "discount_price": "500.00"
  }
},
{
  "model": "storefront.stock",
  "pk": 185,
  "fields": {
    "time_created": "2021-11-03T11:04:36.336Z",
    "time_updated": "2021-11-03T11:04:36.336Z",
    "active": true,
    "price": "2000.00",
    "quantity": 2,
    "discount_price": "1000.00"
  }
},
{
  "model": "storefront.stock",
  "pk": 186,
  "fields": {
    "time_created": "2021-11-03T11:04:36.357Z",
    "time_updated": "2021-11-03T11:04:36.357Z",
    "active": true,
    "price": "3000.00",
    "quantity": 3,
    "discount_price": "1500.00"
  }
},
{
  "model": "storefront.stock",
  "pk": 187,
  "fields": {
    "time_created": "2021-11-03T11:04:36.382Z",
    "time_updated": "2021-11-03T11:04:36.382Z",
    "active": true,
    "price": "4000.00",
    "quantity": 4,
    "discount_price": "3333.00"
  }
},
{
  "model": "storefront.stock",
  "pk": 188,
  "fields": {
    "time_created": "2021-11-03T11:04:36.398Z",
    "time_updated": "2021-11-03T11:04:36.398Z",
    "active": true,
    "price": "5000.00",
    "quantity": 5,
    "discount_price": "500.00"
  }
},
{
  "model": "storefront.stock",
  "pk": 189,
  "fields": {
    "time_created": "2021-11-03T11:04:36.413Z",
    "time_updated": "2021-11-03T11:04:36.413Z",
    "active": true,
    "price": "9999.00",
    "quantity": 6,
    "discount_price": "4999.00"
  }
},
{
  "model": "storefront.stock",
  "pk": 190,
  "fields": {
    "time_created": "2021-11-03T11:04:36.431Z",
    "time_updated": "2021-11-03T11:04:36.431Z",
    "active": true,
    "price": "340.00",
    "quantity": 7,
    "discount_price": "200.00"
  }
},
{
  "model": "storefront.stock",
  "pk": 191,
  "fields": {
    "time_created": "2021-11-03T11:04:36.454Z",
    "time_updated": "2021-11-03T11:04:36.454Z",
    "active": true,
    "price": "135000.00",
    "quantity": 8,
    "discount_price": null
  }
},
{
  "model": "storefront.stock",
  "pk": 192,
  "fields": {
    "time_created": "2021-11-03T11:04:36.475Z",
    "time_updated": "2021-11-03T11:04:36.475Z",
    "active": true,
    "price": "10999.00",
    "quantity": 9,
    "discount_price": null
  }
},
{
  "model": "storefront.stock",
  "pk": 193,
  "fields": {
    "time_created": "2021-11-03T11:04:36.493Z",
    "time_updated": "2021-11-03T11:04:36.493Z",
    "active": true,
    "price": "20.00",
    "quantity": 10,
    "discount_price": null
  }
},
{
  "model": "storefront.stock",
  "pk": 194,
  "fields": {
    "time_created": "2021-11-03T11:04:36.507Z",
    "time_updated": "2021-11-03T11:04:36.507Z",
    "active": true,
    "price": "1000.00",
    "quantity": 1,
    "discount_price": "500.00"
  }
},
{
  "model": "storefront.stock",
  "pk": 195,
  "fields": {
    "time_created": "2021-11-03T11:04:36.522Z",
    "time_updated": "2021-11-03T11:04:36.522Z",
    "active": true,
    "price": "2000.00",
    "quantity": 2,
    "discount_price": "1000.00"
  }
},
{
  "model": "storefront.stock",
  "pk": 196,
  "fields": {
    "time_created": "2021-11-03T11:04:36.543Z",
    "time_updated": "2021-11-03T11:04:36.543Z",
    "active": true,
    "price": "3000.00",
    "quantity": 3,
    "discount_price": "1500.00"
  }
},
{
  "model": "storefront.stock",
  "pk": 197,
  "fields": {
    "time_created": "2021-11-03T11:04:36.564Z",
    "time_updated": "2021-11-03T11:04:36.564Z",
    "active": true,
    "price": "4000.00",
    "quantity": 4,
    "discount_price": "3333.00"
  }
},
{
  "model": "storefront.stock",
  "pk": 198,
  "fields": {
    "time_created": "2021-11-03T11:04:36.586Z",
    "time_updated": "2021-11-03T11:04:36.586Z",
    "active": true,
    "price": "5000.00",
    "quantity": 0,
    "discount_price": "500.00"
  }
},
{
  "model": "storefront.stock",
  "pk": 199,
  "fields": {
    "time_created": "2021-11-03T11:04:36.603Z",
    "time_updated": "2021-11-03T11:04:36.603Z",
    "active": true,
    "price": "9999.00",
    "quantity": 6,
    "discount_price": "4999.00"
  }
},
{
  "model": "storefront.stock",
  "pk": 200,
  "fields": {
    "time_created": "2021-11-03T11:04:36.618Z",
    "time_updated": "2021-11-03T11:04:36.618Z",
    "active": true,
    "price": "340.00",
    "quantity": 7,
    "discount_price": "200.00"
  }
},
{
  "model": "storefront.stock",
  "pk": 201,
  "fields": {
    "time_created": "2021-11-03T11:04:36.634Z",
    "time_updated": "2021-11-03T11:04:36.634Z",
    "active": true,
    "price": "135000.00",
    "quantity": 8,
    "discount_price": null
  }
},
{
  "model": "storefront.stock",
  "pk": 202,
  "fields": {
    "time_created": "2021-11-03T11:04:36.655Z",
    "time_updated": "2021-11-03T11:04:36.655Z",
    "active": true,
    "price": "10999.00",
    "quantity": 9,
    "discount_price": null
  }
},
{
  "model": "storefront.stock",
  "pk": 203,
  "fields": {
    "time_created": "2021-11-03T11:04:36.677Z",
    "time_updated": "2021-11-03T11:04:36.677Z",
    "active": true,
    "price": "20.00",
    "quantity": 10,
    "discount_price": null
  }
},
{
  "model": "storefront.stock",
  "pk": 204,
  "fields": {
    "time_created": "2021-11-03T11:04:36.697Z",
    "time_updated": "2021-11-03T11:04:36.697Z",
    "active": true,
    "price": "1000.00",
    "quantity": 1,
    "discount_price": "500.00"
  }
},
{
  "model": "storefront.stock",
  "pk": 205,
  "fields": {
    "time_created": "2021-11-03T11:04:36.712Z",
    "time_updated": "2021-11-03T11:04:36.712Z",
    "active": true,
    "price": "2000.00",
    "quantity": 2,
    "discount_price": "1000.00"
  }
},
{
  "model": "storefront.stock",
  "pk": 206,
  "fields": {
    "time_created": "2021-11-03T11:04:36.728Z",
    "time_updated": "2021-11-03T11:04:36.728Z",
    "active": true,
    "price": "3000.00",
    "quantity": 0,
    "discount_price": "1500.00"
  }
},
{
  "model": "storefront.stock",
  "pk": 207,
  "fields": {
    "time_created": "2021-11-03T11:04:36.748Z",
    "time_updated": "2021-11-03T11:04:36.748Z",
    "active": true,
    "price": "4000.00",
    "quantity": 4,
    "discount_price": "3333.00"
  }
},
{
  "model": "storefront.stock",
  "pk": 208,
  "fields": {
    "time_created": "2021-11-03T11:04:36.770Z",
    "time_updated": "2021-11-03T11:04:36.770Z",
    "active": true,
    "price": "5000.00",
    "quantity": 5,
    "discount_price": "500.00"
  }
},
{
  "model": "storefront.stock",
  "pk": 209,
  "fields": {
    "time_created": "2021-11-03T11:04:36.792Z",
    "time_updated": "2021-11-03T11:04:36.792Z",
    "active": true,
    "price": "9999.00",
    "quantity": 6,
    "discount_price": "4999.00"
  }
},
{
  "model": "storefront.stock",
  "pk": 210,
  "fields": {
    "time_created": "2021-11-03T11:04:36.812Z",
    "time_updated": "2021-11-03T11:04:36.812Z",
    "active": true,
    "price": "340.00",
    "quantity": 7,
    "discount_price": "200.00"
  }
},
{
  "model": "storefront.stock",
  "pk": 211,
  "fields": {
    "time_created": "2021-11-03T11:04:36.827Z",
    "time_updated": "2021-11-03T11:04:36.827Z",
    "active": true,
    "price": "135000.00",
    "quantity": 8,
    "discount_price": null
  }
},
{
  "model": "storefront.stock",
  "pk": 212,
  "fields": {
    "time_created": "2021-11-03T11:04:36.841Z",
    "time_updated": "2021-11-03T11:04:36.841Z",
    "active": true,
    "price": "10999.00",
    "quantity": 9,
    "discount_price": null
  }
},
{
  "model": "storefront.stock",
  "pk": 213,
  "fields": {
    "time_created": "2021-11-03T11:04:36.860Z",
    "time_updated": "2021-11-03T11:04:36.860Z",
    "active": true,
    "price": "20.00",
    "quantity": 10,
    "discount_price": null
  }
},
{
  "model": "storefront.stock",
  "pk": 214,
  "fields": {
    "time_created": "2021-11-03T11:04:36.881Z",
    "time_updated": "2021-11-03T11:04:36.881Z",
    "active": true,
    "price": "1000.00",
    "quantity": 1,
    "discount_price": "500.00"
  }
},
{
  "model": "storefront.stock",
  "pk": 215,
  "fields": {
    "time_created": "2021-11-03T11:04:36.902Z",
    "time_updated": "2021-11-03T11:04:36.902Z",
    "active": true,
    "price": "2000.00",
    "quantity": 2,
    "discount_price": "1000.00"
  }
},
{
  "model": "storefront.stock",
  "pk": 216,
  "fields": {
    "time_created": "2021-11-03T11:04:36.920Z",
    "time_updated": "2021-11-03T11:04:36.920Z",
    "active": true,
    "price": "3000.00",
    "quantity": 3,
    "discount_price": "1500.00"
  }
},
{
  "model": "storefront.stock",
  "pk": 217,
  "fields": {
    "time_created": "2021-11-03T11:04:36.936Z",
    "time_updated": "2021-11-03T11:04:36.936Z",
    "active": true,
    "price": "4000.00",
    "quantity": 4,
    "discount_price": "3333.00"
  }
},
{
  "model": "storefront.stock",
  "pk": 218,
  "fields": {
    "time_created": "2021-11-03T11:04:36.952Z",
    "time_updated": "2021-11-03T11:04:36.952Z",
    "active": true,
    "price": "5000.00",
    "quantity": 0,
    "discount_price": "500.00"
  }
},
{
  "model": "storefront.stock",
  "pk": 219,
  "fields": {
    "time_created": "2021-11-03T11:04:36.972Z",
    "time_updated": "2021-11-03T11:04:36.972Z",
    "active": true,
    "price": "9999.00",
    "quantity": 6,
    "discount_price": "4999.00"
  }
},
{
  "model": "storefront.stock",
  "pk": 220,
  "fields": {
    "time_created": "2021-11-03T11:04:36.993Z",
    "time_updated": "2021-11-03T11:04:36.993Z",
    "active": true,
    "price": "340.00",
    "quantity": 7,
    "discount_price": "200.00"
  }
},
{
  "model": "storefront.stock",
  "pk": 221,
  "fields": {
    "time_created": "2021-11-03T11:04:37.015Z",
    "time_updated": "2021-11-03T11:04:37.015Z",
    "active": true,
    "price": "135000.00",
    "quantity": 8,
    "discount_price": null
  }
},
{
  "model": "storefront.stock",
  "pk": 222,
  "fields": {
    "time_created": "2021-11-03T11:04:37.031Z",
    "time_updated": "2021-11-03T11:04:37.031Z",
    "active": true,
    "price": "10999.00",
    "quantity": 9,
    "discount_price": null
  }
},
{
  "model": "storefront.stock",
  "pk": 223,
  "fields": {
    "time_created": "2021-11-03T11:04:37.046Z",
    "time_updated": "2021-11-03T11:04:37.046Z",
    "active": true,
    "price": "20.00",
    "quantity": 10,
    "discount_price": null
  }
},
{
  "model": "storefront.stock",
  "pk": 224,
  "fields": {
    "time_created": "2021-11-03T11:04:37.061Z",
    "time_updated": "2021-11-03T11:04:37.061Z",
    "active": true,
    "price": "500.00",
    "quantity": 10,
    "discount_price": "1000.00"
  }
},
{
  "model": "storefront.stock",
  "pk": 225,
  "fields": {
    "time_created": "2021-11-03T15:05:26.939Z",
    "time_updated": "2021-11-03T15:05:26.939Z",
    "active": true,
    "price": "1000.00",
    "quantity": 1,
    "discount_price": null
  }
},
{
  "model": "storefront.pricelist",
  "pk": 1,
  "fields": {
    "time_created": "2021-10-31T07:50:54.912Z",
    "time_updated": "2021-10-31T07:50:54.912Z",
    "active": true,
    "code": "",
    "file": "stock/h3Q-q13g_400x400.jpg"
  }
},
{
  "model": "storefront.pricelist",
  "pk": 2,
  "fields": {
    "time_created": "2021-10-31T08:02:03.621Z",
    "time_updated": "2021-10-31T08:02:03.621Z",
    "active": true,
    "code": "",
    "file": "stock/price.csv"
  }
},
{
  "model": "storefront.pricelist",
  "pk": 3,
  "fields": {
    "time_created": "2021-10-31T08:12:45.653Z",
    "time_updated": "2021-10-31T08:12:45.653Z",
    "active": true,
    "code": "",
    "file": "stock/price1.csv"
  }
},
{
  "model": "storefront.pricelist",
  "pk": 4,
  "fields": {
    "time_created": "2021-10-31T08:15:08.869Z",
    "time_updated": "2021-10-31T08:15:08.869Z",
    "active": true,
    "code": "",
    "file": "stock/price_PtV5wI0.csv"
  }
},
{
  "model": "storefront.pricelist",
  "pk": 5,
  "fields": {
    "time_created": "2021-10-31T08:18:33.559Z",
    "time_updated": "2021-10-31T08:18:33.579Z",
    "active": true,
    "code": "price_RBhfHfr.csv",
    "file": "stock/price_RBhfHfr.csv"
  }
},
{
  "model": "storefront.pricelist",
  "pk": 6,
  "fields": {
    "time_created": "2021-10-31T08:19:40.639Z",
    "time_updated": "2021-10-31T08:19:40.658Z",
    "active": true,
    "code": "price1_cDxmFfh.csv",
    "file": "stock/price1_cDxmFfh.csv"
  }
},
{
  "model": "storefront.pricelist",
  "pk": 7,
  "fields": {
    "time_created": "2021-10-31T08:23:24.077Z",
    "time_updated": "2021-10-31T08:23:24.109Z",
    "active": true,
    "code": "price1_v7joPCt.csv",
    "file": "stock/price1_v7joPCt.csv"
  }
},
{
  "model": "storefront.pricelist",
  "pk": 8,
  "fields": {
    "time_created": "2021-10-31T08:23:35.841Z",
    "time_updated": "2021-10-31T08:23:35.882Z",
    "active": true,
    "code": "price1_oBOEkhy.csv",
    "file": "stock/price1_oBOEkhy.csv"
  }
},
{
  "model": "storefront.pricelist",
  "pk": 9,
  "fields": {
    "time_created": "2021-10-31T08:25:31.183Z",
    "time_updated": "2021-10-31T08:25:31.215Z",
    "active": true,
    "code": "price1_ZwVtdPy.csv",
    "file": "stock/price1_ZwVtdPy.csv"
  }
},
{
  "model": "storefront.pricelist",
  "pk": 10,
  "fields": {
    "time_created": "2021-10-31T18:32:49.838Z",
    "time_updated": "2021-10-31T18:32:49.861Z",
    "active": true,
    "code": "price1_KtOj9hN.csv",
    "file": "stock/price1_KtOj9hN.csv"
  }
},
{
  "model": "storefront.pricelist",
  "pk": 11,
  "fields": {
    "time_created": "2021-11-01T11:54:11.514Z",
    "time_updated": "2021-11-01T11:54:11.544Z",
    "active": true,
    "code": "price1_HZ7ZFAr.csv",
    "file": "stock/price1_HZ7ZFAr.csv"
  }
},
{
  "model": "storefront.pricelist",
  "pk": 12,
  "fields": {
    "time_created": "2021-11-01T11:55:10.206Z",
    "time_updated": "2021-11-01T11:55:10.236Z",
    "active": true,
    "code": "price1_Dh8CIJT.csv",
    "file": "stock/price1_Dh8CIJT.csv"
  }
},
{
  "model": "storefront.pricelist",
  "pk": 13,
  "fields": {
    "time_created": "2021-11-01T11:57:42.448Z",
    "time_updated": "2021-11-01T11:57:42.469Z",
    "active": true,
    "code": "price1_ocYkhnM.csv",
    "file": "stock/price1_ocYkhnM.csv"
  }
},
{
  "model": "storefront.pricelist",
  "pk": 14,
  "fields": {
    "time_created": "2021-11-01T11:58:22.135Z",
    "time_updated": "2021-11-01T11:58:22.167Z",
    "active": true,
    "code": "price1_vZ2GSfh.csv",
    "file": "stock/price1_vZ2GSfh.csv"
  }
},
{
  "model": "storefront.pricelist",
  "pk": 15,
  "fields": {
    "time_created": "2021-11-01T11:58:54.071Z",
    "time_updated": "2021-11-01T11:58:54.100Z",
    "active": true,
    "code": "price1_vDpTp5p.csv",
    "file": "stock/price1_vDpTp5p.csv"
  }
},
{
  "model": "storefront.pricelist",
  "pk": 16,
  "fields": {
    "time_created": "2021-11-01T11:59:25.361Z",
    "time_updated": "2021-11-01T11:59:25.390Z",
    "active": true,
    "code": "price1_IoaXQB4.csv",
    "file": "stock/price1_IoaXQB4.csv"
  }
},
{
  "model": "storefront.pricelist",
  "pk": 17,
  "fields": {
    "time_created": "2021-11-01T12:15:15.489Z",
    "time_updated": "2021-11-01T12:15:15.508Z",
    "active": true,
    "code": "price1_2RVwsT3.csv",
    "file": "stock/price1_2RVwsT3.csv"
  }
},
{
  "model": "storefront.pricelist",
  "pk": 18,
  "fields": {
    "time_created": "2021-11-01T12:16:02.872Z",
    "time_updated": "2021-11-01T12:16:02.893Z",
    "active": true,
    "code": "price1_au6t2Qd.csv",
    "file": "stock/price1_au6t2Qd.csv"
  }
},
{
  "model": "storefront.pricelist",
  "pk": 19,
  "fields": {
    "time_created": "2021-11-01T12:16:57.637Z",
    "time_updated": "2021-11-01T12:16:57.667Z",
    "active": true,
    "code": "price1_myGTnUx.csv",
    "file": "stock/price1_myGTnUx.csv"
  }
},
{
  "model": "storefront.pricelist",
  "pk": 20,
  "fields": {
    "time_created": "2021-11-01T12:23:14.484Z",
    "time_updated": "2021-11-01T12:23:14.505Z",
    "active": true,
    "code": "price1_OVqbryM.csv",
    "file": "stock/price1_OVqbryM.csv"
  }
},
{
  "model": "storefront.pricelist",
  "pk": 21,
  "fields": {
    "time_created": "2021-11-01T12:24:25.726Z",
    "time_updated": "2021-11-01T12:24:25.748Z",
    "active": true,
    "code": "price1_jfC43bM.csv",
    "file": "stock/price1_jfC43bM.csv"
  }
},
{
  "model": "storefront.pricelist",
  "pk": 22,
  "fields": {
    "time_created": "2021-11-01T12:24:34.051Z",
    "time_updated": "2021-11-01T12:24:34.072Z",
    "active": true,
    "code": "price1_bTm1JiS.csv",
    "file": "stock/price1_bTm1JiS.csv"
  }
},
{
  "model": "storefront.pricelist",
  "pk": 23,
  "fields": {
    "time_created": "2021-11-03T11:04:35.898Z",
    "time_updated": "2021-11-03T11:04:35.924Z",
    "active": true,
    "code": "price1_ng2ABlE.csv",
    "file": "stock/price1_ng2ABlE.csv"
  }
},
{
  "model": "storefront.imagecontainer",
  "pk": 1,
  "fields": {
    "time_created": "2021-10-29T12:36:57.961Z",
    "time_updated": "2021-10-29T12:47:27.303Z",
    "active": true,
    "title": "1",
    "images": [
      7,
      11,
      14
    ]
  }
},
{
  "model": "storefront.imagecontainer",
  "pk": 2,
  "fields": {
    "time_created": "2021-10-29T12:38:09.454Z",
    "time_updated": "2021-10-29T12:47:11.496Z",
    "active": true,
    "title": "2",
    "images": [
      31,
      33,
      36
    ]
  }
},
{
  "model": "storefront.imagecontainer",
  "pk": 3,
  "fields": {
    "time_created": "2021-10-29T12:38:12.221Z",
    "time_updated": "2021-10-29T12:46:58.630Z",
    "active": true,
    "title": "3",
    "images": [
      60,
      64,
      68
    ]
  }
},
{
  "model": "storefront.imagecontainer",
  "pk": 4,
  "fields": {
    "time_created": "2021-10-29T12:38:14.443Z",
    "time_updated": "2021-10-29T12:46:43.038Z",
    "active": true,
    "title": "4",
    "images": [
      86,
      88,
      91
    ]
  }
},
{
  "model": "storefront.imagecontainer",
  "pk": 5,
  "fields": {
    "time_created": "2021-10-29T12:38:17.119Z",
    "time_updated": "2021-10-29T12:46:18.414Z",
    "active": true,
    "title": "5",
    "images": [
      106,
      108
    ]
  }
},
{
  "model": "storefront.imagecontainer",
  "pk": 6,
  "fields": {
    "time_created": "2021-10-29T12:38:19.213Z",
    "time_updated": "2021-10-29T12:46:01.811Z",
    "active": true,
    "title": "6",
    "images": [
      119,
      120,
      121
    ]
  }
},
{
  "model": "storefront.imagecontainer",
  "pk": 7,
  "fields": {
    "time_created": "2021-10-29T12:38:23.123Z",
    "time_updated": "2021-10-29T12:45:49.003Z",
    "active": true,
    "title": "7",
    "images": [
      122,
      123
    ]
  }
},
{
  "model": "storefront.imagecontainer",
  "pk": 8,
  "fields": {
    "time_created": "2021-10-29T12:38:26.039Z",
    "time_updated": "2021-10-29T12:45:34.254Z",
    "active": true,
    "title": "8",
    "images": [
      124,
      125,
      126
    ]
  }
},
{
  "model": "storefront.imagecontainer",
  "pk": 9,
  "fields": {
    "time_created": "2021-10-29T12:38:28.016Z",
    "time_updated": "2021-10-29T12:45:22.277Z",
    "active": true,
    "title": "9",
    "images": [
      127,
      128
    ]
  }
},
{
  "model": "storefront.imagecontainer",
  "pk": 10,
  "fields": {
    "time_created": "2021-10-29T12:38:30.565Z",
    "time_updated": "2021-10-29T12:45:10.159Z",
    "active": true,
    "title": "10",
    "images": [
      2,
      3,
      4
    ]
  }
},
{
  "model": "storefront.imagecontainer",
  "pk": 11,
  "fields": {
    "time_created": "2021-10-29T12:38:32.748Z",
    "time_updated": "2021-10-29T12:45:02.568Z",
    "active": true,
    "title": "11",
    "images": [
      5,
      6
    ]
  }
},
{
  "model": "storefront.imagecontainer",
  "pk": 12,
  "fields": {
    "time_created": "2021-10-29T12:38:34.710Z",
    "time_updated": "2021-11-03T13:17:39.328Z",
    "active": true,
    "title": "12",
    "images": [
      8,
      145
    ]
  }
},
{
  "model": "storefront.imagecontainer",
  "pk": 15,
  "fields": {
    "time_created": "2021-10-30T20:33:01.119Z",
    "time_updated": "2021-10-30T20:33:01.119Z",
    "active": true,
    "title": "Testq",
    "images": []
  }
},
{
  "model": "storefront.imagecontainer",
  "pk": 16,
  "fields": {
    "time_created": "2021-10-30T21:05:48.711Z",
    "time_updated": "2021-11-03T14:51:31.344Z",
    "active": true,
    "title": "ASDF",
    "images": [
      142,
      147
    ]
  }
},
{
  "model": "storefront.imagecontainer",
  "pk": 17,
  "fields": {
    "time_created": "2021-11-03T13:12:58.291Z",
    "time_updated": "2021-11-03T15:13:39.147Z",
    "active": true,
    "title": "999",
    "images": [
      143,
      144,
      149,
      158
    ]
  }
},
{
  "model": "storefront.imagecontainer",
  "pk": 18,
  "fields": {
    "time_created": "2021-11-03T13:18:28.110Z",
    "time_updated": "2021-11-03T13:18:28.110Z",
    "active": true,
    "title": "999",
    "images": [
      146
    ]
  }
},
{
  "model": "storefront.image",
  "pk": 2,
  "fields": {
    "time_created": "2021-10-29T12:27:57.147Z",
    "time_updated": "2021-10-29T12:27:57.147Z",
    "active": true,
    "code": "10_1.jpg",
    "file": "product_images/10_1.jpg"
  }
},
{
  "model": "storefront.image",
  "pk": 3,
  "fields": {
    "time_created": "2021-10-29T12:29:18.127Z",
    "time_updated": "2021-10-29T12:29:18.127Z",
    "active": true,
    "code": "10_2.jpg",
    "file": "product_images/10_2.jpg"
  }
},
{
  "model": "storefront.image",
  "pk": 4,
  "fields": {
    "time_created": "2021-10-29T12:29:18.137Z",
    "time_updated": "2021-10-29T12:29:18.137Z",
    "active": true,
    "code": "10_3.jpg",
    "file": "product_images/10_3.jpg"
  }
},
{
  "model": "storefront.image",
  "pk": 5,
  "fields": {
    "time_created": "2021-10-29T12:29:18.146Z",
    "time_updated": "2021-10-29T12:29:18.146Z",
    "active": true,
    "code": "11_1.jpg",
    "file": "product_images/11_1.jpg"
  }
},
{
  "model": "storefront.image",
  "pk": 6,
  "fields": {
    "time_created": "2021-10-29T12:29:18.153Z",
    "time_updated": "2021-10-29T12:29:18.153Z",
    "active": true,
    "code": "11_2.jpg",
    "file": "product_images/11_2.jpg"
  }
},
{
  "model": "storefront.image",
  "pk": 7,
  "fields": {
    "time_created": "2021-10-29T12:29:18.161Z",
    "time_updated": "2021-10-29T12:29:18.161Z",
    "active": true,
    "code": "1_1.jpg",
    "file": "product_images/1_1.jpg"
  }
},
{
  "model": "storefront.image",
  "pk": 8,
  "fields": {
    "time_created": "2021-10-29T12:29:18.168Z",
    "time_updated": "2021-10-29T12:29:18.168Z",
    "active": true,
    "code": "12_1.jpg",
    "file": "product_images/12_1.jpg"
  }
},
{
  "model": "storefront.image",
  "pk": 9,
  "fields": {
    "time_created": "2021-10-29T12:29:18.176Z",
    "time_updated": "2021-10-29T12:29:18.176Z",
    "active": true,
    "code": "12_2.jpg",
    "file": "product_images/12_2.jpg"
  }
},
{
  "model": "storefront.image",
  "pk": 10,
  "fields": {
    "time_created": "2021-10-29T12:29:18.187Z",
    "time_updated": "2021-10-29T12:29:18.187Z",
    "active": true,
    "code": "12_3.jpg",
    "file": "product_images/12_3.jpg"
  }
},
{
  "model": "storefront.image",
  "pk": 11,
  "fields": {
    "time_created": "2021-10-29T12:29:18.199Z",
    "time_updated": "2021-10-29T12:29:18.199Z",
    "active": true,
    "code": "1_2.jpg",
    "file": "product_images/1_2.jpg"
  }
},
{
  "model": "storefront.image",
  "pk": 12,
  "fields": {
    "time_created": "2021-10-29T12:29:18.212Z",
    "time_updated": "2021-10-29T12:29:18.212Z",
    "active": true,
    "code": "13_1.jpg",
    "file": "product_images/13_1.jpg"
  }
},
{
  "model": "storefront.image",
  "pk": 13,
  "fields": {
    "time_created": "2021-10-29T12:29:18.226Z",
    "time_updated": "2021-10-29T12:29:18.226Z",
    "active": true,
    "code": "13_2.jpg",
    "file": "product_images/13_2.jpg"
  }
},
{
  "model": "storefront.image",
  "pk": 14,
  "fields": {
    "time_created": "2021-10-29T12:29:18.236Z",
    "time_updated": "2021-10-29T12:29:18.236Z",
    "active": true,
    "code": "1_3.jpg",
    "file": "product_images/1_3.jpg"
  }
},
{
  "model": "storefront.image",
  "pk": 15,
  "fields": {
    "time_created": "2021-10-29T12:29:18.247Z",
    "time_updated": "2021-10-29T12:29:18.247Z",
    "active": true,
    "code": "14_1.jpg",
    "file": "product_images/14_1.jpg"
  }
},
{
  "model": "storefront.image",
  "pk": 16,
  "fields": {
    "time_created": "2021-10-29T12:29:18.261Z",
    "time_updated": "2021-10-29T12:29:18.261Z",
    "active": true,
    "code": "14_2.jpg",
    "file": "product_images/14_2.jpg"
  }
},
{
  "model": "storefront.image",
  "pk": 17,
  "fields": {
    "time_created": "2021-10-29T12:29:18.268Z",
    "time_updated": "2021-10-29T12:29:18.268Z",
    "active": true,
    "code": "15_1.jpg",
    "file": "product_images/15_1.jpg"
  }
},
{
  "model": "storefront.image",
  "pk": 18,
  "fields": {
    "time_created": "2021-10-29T12:29:18.276Z",
    "time_updated": "2021-10-29T12:29:18.276Z",
    "active": true,
    "code": "15_2.jpg",
    "file": "product_images/15_2.jpg"
  }
},
{
  "model": "storefront.image",
  "pk": 19,
  "fields": {
    "time_created": "2021-10-29T12:29:18.284Z",
    "time_updated": "2021-10-29T12:29:18.284Z",
    "active": true,
    "code": "16_1.jpg",
    "file": "product_images/16_1.jpg"
  }
},
{
  "model": "storefront.image",
  "pk": 20,
  "fields": {
    "time_created": "2021-10-29T12:29:18.291Z",
    "time_updated": "2021-10-29T12:29:18.291Z",
    "active": true,
    "code": "16_2.jpg",
    "file": "product_images/16_2.jpg"
  }
},
{
  "model": "storefront.image",
  "pk": 21,
  "fields": {
    "time_created": "2021-10-29T12:29:18.300Z",
    "time_updated": "2021-10-29T12:29:18.300Z",
    "active": true,
    "code": "17_1.jpg",
    "file": "product_images/17_1.jpg"
  }
},
{
  "model": "storefront.image",
  "pk": 22,
  "fields": {
    "time_created": "2021-10-29T12:29:18.311Z",
    "time_updated": "2021-10-29T12:29:18.311Z",
    "active": true,
    "code": "17_2.jpg",
    "file": "product_images/17_2.jpg"
  }
},
{
  "model": "storefront.image",
  "pk": 23,
  "fields": {
    "time_created": "2021-10-29T12:29:18.321Z",
    "time_updated": "2021-10-29T12:29:18.321Z",
    "active": true,
    "code": "18_1.jpg",
    "file": "product_images/18_1.jpg"
  }
},
{
  "model": "storefront.image",
  "pk": 24,
  "fields": {
    "time_created": "2021-10-29T12:29:18.332Z",
    "time_updated": "2021-10-29T12:29:18.332Z",
    "active": true,
    "code": "18_2.jpg",
    "file": "product_images/18_2.jpg"
  }
},
{
  "model": "storefront.image",
  "pk": 25,
  "fields": {
    "time_created": "2021-10-29T12:29:18.342Z",
    "time_updated": "2021-10-29T12:29:18.342Z",
    "active": true,
    "code": "19_1.jpg",
    "file": "product_images/19_1.jpg"
  }
},
{
  "model": "storefront.image",
  "pk": 26,
  "fields": {
    "time_created": "2021-10-29T12:29:18.353Z",
    "time_updated": "2021-10-29T12:29:18.353Z",
    "active": true,
    "code": "19_2.jpg",
    "file": "product_images/19_2.jpg"
  }
},
{
  "model": "storefront.image",
  "pk": 27,
  "fields": {
    "time_created": "2021-10-29T12:29:18.364Z",
    "time_updated": "2021-10-29T12:29:18.364Z",
    "active": true,
    "code": "20_1.jpg",
    "file": "product_images/20_1.jpg"
  }
},
{
  "model": "storefront.image",
  "pk": 28,
  "fields": {
    "time_created": "2021-10-29T12:29:18.372Z",
    "time_updated": "2021-10-29T12:29:18.372Z",
    "active": true,
    "code": "20_2.jpg",
    "file": "product_images/20_2.jpg"
  }
},
{
  "model": "storefront.image",
  "pk": 29,
  "fields": {
    "time_created": "2021-10-29T12:29:18.379Z",
    "time_updated": "2021-10-29T12:29:18.379Z",
    "active": true,
    "code": "21_1.jpg",
    "file": "product_images/21_1.jpg"
  }
},
{
  "model": "storefront.image",
  "pk": 30,
  "fields": {
    "time_created": "2021-10-29T12:29:18.388Z",
    "time_updated": "2021-10-29T12:29:18.388Z",
    "active": true,
    "code": "21_2.jpg",
    "file": "product_images/21_2.jpg"
  }
},
{
  "model": "storefront.image",
  "pk": 31,
  "fields": {
    "time_created": "2021-10-29T12:29:18.395Z",
    "time_updated": "2021-10-29T12:29:18.395Z",
    "active": true,
    "code": "2_1.jpg",
    "file": "product_images/2_1.jpg"
  }
},
{
  "model": "storefront.image",
  "pk": 32,
  "fields": {
    "time_created": "2021-10-29T12:29:18.403Z",
    "time_updated": "2021-10-29T12:29:18.403Z",
    "active": true,
    "code": "22_1.jpg",
    "file": "product_images/22_1.jpg"
  }
},
{
  "model": "storefront.image",
  "pk": 33,
  "fields": {
    "time_created": "2021-10-29T12:29:18.410Z",
    "time_updated": "2021-10-29T12:29:18.410Z",
    "active": true,
    "code": "2_2.jpg",
    "file": "product_images/2_2.jpg"
  }
},
{
  "model": "storefront.image",
  "pk": 34,
  "fields": {
    "time_created": "2021-10-29T12:29:18.421Z",
    "time_updated": "2021-10-29T12:29:18.421Z",
    "active": true,
    "code": "23_1.jpg",
    "file": "product_images/23_1.jpg"
  }
},
{
  "model": "storefront.image",
  "pk": 35,
  "fields": {
    "time_created": "2021-10-29T12:29:18.431Z",
    "time_updated": "2021-10-29T12:29:18.432Z",
    "active": true,
    "code": "23_2.jpg",
    "file": "product_images/23_2.jpg"
  }
},
{
  "model": "storefront.image",
  "pk": 36,
  "fields": {
    "time_created": "2021-10-29T12:29:18.442Z",
    "time_updated": "2021-10-29T12:29:18.442Z",
    "active": true,
    "code": "2_3.jpg",
    "file": "product_images/2_3.jpg"
  }
},
{
  "model": "storefront.image",
  "pk": 37,
  "fields": {
    "time_created": "2021-10-29T12:29:18.452Z",
    "time_updated": "2021-10-29T12:29:18.452Z",
    "active": true,
    "code": "24_1.jpg",
    "file": "product_images/24_1.jpg"
  }
},
{
  "model": "storefront.image",
  "pk": 38,
  "fields": {
    "time_created": "2021-10-29T12:29:18.463Z",
    "time_updated": "2021-10-29T12:29:18.463Z",
    "active": true,
    "code": "24_2.jpg",
    "file": "product_images/24_2.jpg"
  }
},
{
  "model": "storefront.image",
  "pk": 39,
  "fields": {
    "time_created": "2021-10-29T12:29:18.474Z",
    "time_updated": "2021-10-29T12:29:18.474Z",
    "active": true,
    "code": "25_1.jpg",
    "file": "product_images/25_1.jpg"
  }
},
{
  "model": "storefront.image",
  "pk": 40,
  "fields": {
    "time_created": "2021-10-29T12:29:18.483Z",
    "time_updated": "2021-10-29T12:29:18.483Z",
    "active": true,
    "code": "25_2.jpg",
    "file": "product_images/25_2.jpg"
  }
},
{
  "model": "storefront.image",
  "pk": 41,
  "fields": {
    "time_created": "2021-10-29T12:29:18.490Z",
    "time_updated": "2021-10-29T12:29:18.490Z",
    "active": true,
    "code": "25_3.jpg",
    "file": "product_images/25_3.jpg"
  }
},
{
  "model": "storefront.image",
  "pk": 42,
  "fields": {
    "time_created": "2021-10-29T12:29:18.498Z",
    "time_updated": "2021-10-29T12:29:18.498Z",
    "active": true,
    "code": "26_1.jpg",
    "file": "product_images/26_1.jpg"
  }
},
{
  "model": "storefront.image",
  "pk": 43,
  "fields": {
    "time_created": "2021-10-29T12:29:18.509Z",
    "time_updated": "2021-10-29T12:29:18.509Z",
    "active": true,
    "code": "26_2.jpg",
    "file": "product_images/26_2.jpg"
  }
},
{
  "model": "storefront.image",
  "pk": 44,
  "fields": {
    "time_created": "2021-10-29T12:29:18.516Z",
    "time_updated": "2021-10-29T12:29:18.516Z",
    "active": true,
    "code": "27_1.jpg",
    "file": "product_images/27_1.jpg"
  }
},
{
  "model": "storefront.image",
  "pk": 45,
  "fields": {
    "time_created": "2021-10-29T12:29:18.523Z",
    "time_updated": "2021-10-29T12:29:18.523Z",
    "active": true,
    "code": "27_2.jpg",
    "file": "product_images/27_2.jpg"
  }
},
{
  "model": "storefront.image",
  "pk": 46,
  "fields": {
    "time_created": "2021-10-29T12:29:18.535Z",
    "time_updated": "2021-10-29T12:29:18.535Z",
    "active": true,
    "code": "27_3.jpg",
    "file": "product_images/27_3.jpg"
  }
},
{
  "model": "storefront.image",
  "pk": 47,
  "fields": {
    "time_created": "2021-10-29T12:29:18.546Z",
    "time_updated": "2021-10-29T12:29:18.546Z",
    "active": true,
    "code": "28_1.jpg",
    "file": "product_images/28_1.jpg"
  }
},
{
  "model": "storefront.image",
  "pk": 48,
  "fields": {
    "time_created": "2021-10-29T12:29:18.556Z",
    "time_updated": "2021-10-29T12:29:18.556Z",
    "active": true,
    "code": "28_2.jpg",
    "file": "product_images/28_2.jpg"
  }
},
{
  "model": "storefront.image",
  "pk": 49,
  "fields": {
    "time_created": "2021-10-29T12:29:18.567Z",
    "time_updated": "2021-10-29T12:29:18.567Z",
    "active": true,
    "code": "28_3.jpg",
    "file": "product_images/28_3.jpg"
  }
},
{
  "model": "storefront.image",
  "pk": 50,
  "fields": {
    "time_created": "2021-10-29T12:29:18.577Z",
    "time_updated": "2021-10-29T12:29:18.577Z",
    "active": true,
    "code": "29_1.jpg",
    "file": "product_images/29_1.jpg"
  }
},
{
  "model": "storefront.image",
  "pk": 51,
  "fields": {
    "time_created": "2021-10-29T12:29:18.593Z",
    "time_updated": "2021-10-29T12:29:18.593Z",
    "active": true,
    "code": "29_2.jpg",
    "file": "product_images/29_2.jpg"
  }
},
{
  "model": "storefront.image",
  "pk": 52,
  "fields": {
    "time_created": "2021-10-29T12:29:18.600Z",
    "time_updated": "2021-10-29T12:29:18.600Z",
    "active": true,
    "code": "29_3.jpg",
    "file": "product_images/29_3.jpg"
  }
},
{
  "model": "storefront.image",
  "pk": 53,
  "fields": {
    "time_created": "2021-10-29T12:29:18.608Z",
    "time_updated": "2021-10-29T12:29:18.608Z",
    "active": true,
    "code": "2.jpeg",
    "file": "product_images/2.jpeg"
  }
},
{
  "model": "storefront.image",
  "pk": 54,
  "fields": {
    "time_created": "2021-10-29T12:29:18.616Z",
    "time_updated": "2021-10-29T12:29:18.616Z",
    "active": true,
    "code": "30_1.jpg",
    "file": "product_images/30_1.jpg"
  }
},
{
  "model": "storefront.image",
  "pk": 55,
  "fields": {
    "time_created": "2021-10-29T12:29:18.623Z",
    "time_updated": "2021-10-29T12:29:18.623Z",
    "active": true,
    "code": "30_2.jpg",
    "file": "product_images/30_2.jpg"
  }
},
{
  "model": "storefront.image",
  "pk": 56,
  "fields": {
    "time_created": "2021-10-29T12:29:18.631Z",
    "time_updated": "2021-10-29T12:29:18.631Z",
    "active": true,
    "code": "30_3.jpg",
    "file": "product_images/30_3.jpg"
  }
},
{
  "model": "storefront.image",
  "pk": 57,
  "fields": {
    "time_created": "2021-10-29T12:29:18.642Z",
    "time_updated": "2021-10-29T12:29:18.642Z",
    "active": true,
    "code": "31_1.jpg",
    "file": "product_images/31_1.jpg"
  }
},
{
  "model": "storefront.image",
  "pk": 58,
  "fields": {
    "time_created": "2021-10-29T12:29:18.653Z",
    "time_updated": "2021-10-29T12:29:18.653Z",
    "active": true,
    "code": "31_2.jpg",
    "file": "product_images/31_2.jpg"
  }
},
{
  "model": "storefront.image",
  "pk": 59,
  "fields": {
    "time_created": "2021-10-29T12:29:18.664Z",
    "time_updated": "2021-10-29T12:29:18.664Z",
    "active": true,
    "code": "31_3.jpg",
    "file": "product_images/31_3.jpg"
  }
},
{
  "model": "storefront.image",
  "pk": 60,
  "fields": {
    "time_created": "2021-10-29T12:29:18.675Z",
    "time_updated": "2021-10-29T12:29:18.675Z",
    "active": true,
    "code": "3_1.jpg",
    "file": "product_images/3_1.jpg"
  }
},
{
  "model": "storefront.image",
  "pk": 61,
  "fields": {
    "time_created": "2021-10-29T12:29:18.685Z",
    "time_updated": "2021-10-29T12:29:18.685Z",
    "active": true,
    "code": "32_1.jpg",
    "file": "product_images/32_1.jpg"
  }
},
{
  "model": "storefront.image",
  "pk": 62,
  "fields": {
    "time_created": "2021-10-29T12:29:18.696Z",
    "time_updated": "2021-10-29T12:29:18.696Z",
    "active": true,
    "code": "32_2.jpg",
    "file": "product_images/32_2.jpg"
  }
},
{
  "model": "storefront.image",
  "pk": 63,
  "fields": {
    "time_created": "2021-10-29T12:29:18.707Z",
    "time_updated": "2021-10-29T12:29:18.707Z",
    "active": true,
    "code": "32_3.jpg",
    "file": "product_images/32_3.jpg"
  }
},
{
  "model": "storefront.image",
  "pk": 64,
  "fields": {
    "time_created": "2021-10-29T12:29:18.716Z",
    "time_updated": "2021-10-29T12:29:18.716Z",
    "active": true,
    "code": "3_2.jpg",
    "file": "product_images/3_2.jpg"
  }
},
{
  "model": "storefront.image",
  "pk": 65,
  "fields": {
    "time_created": "2021-10-29T12:29:18.723Z",
    "time_updated": "2021-10-29T12:29:18.723Z",
    "active": true,
    "code": "33_1.jpg",
    "file": "product_images/33_1.jpg"
  }
},
{
  "model": "storefront.image",
  "pk": 66,
  "fields": {
    "time_created": "2021-10-29T12:29:18.730Z",
    "time_updated": "2021-10-29T12:29:18.730Z",
    "active": true,
    "code": "33_2.jpg",
    "file": "product_images/33_2.jpg"
  }
},
{
  "model": "storefront.image",
  "pk": 67,
  "fields": {
    "time_created": "2021-10-29T12:29:18.737Z",
    "time_updated": "2021-10-29T12:29:18.737Z",
    "active": true,
    "code": "33_3.jpg",
    "file": "product_images/33_3.jpg"
  }
},
{
  "model": "storefront.image",
  "pk": 68,
  "fields": {
    "time_created": "2021-10-29T12:29:18.744Z",
    "time_updated": "2021-10-29T12:29:18.744Z",
    "active": true,
    "code": "3_3.jpg",
    "file": "product_images/3_3.jpg"
  }
},
{
  "model": "storefront.image",
  "pk": 69,
  "fields": {
    "time_created": "2021-10-29T12:29:18.752Z",
    "time_updated": "2021-10-29T12:29:18.752Z",
    "active": true,
    "code": "34_1.jpg",
    "file": "product_images/34_1.jpg"
  }
},
{
  "model": "storefront.image",
  "pk": 70,
  "fields": {
    "time_created": "2021-10-29T12:29:18.761Z",
    "time_updated": "2021-10-29T12:29:18.761Z",
    "active": true,
    "code": "35_1.jpg",
    "file": "product_images/35_1.jpg"
  }
},
{
  "model": "storefront.image",
  "pk": 71,
  "fields": {
    "time_created": "2021-10-29T12:29:18.772Z",
    "time_updated": "2021-10-29T12:29:18.772Z",
    "active": true,
    "code": "36_1.jpg",
    "file": "product_images/36_1.jpg"
  }
},
{
  "model": "storefront.image",
  "pk": 72,
  "fields": {
    "time_created": "2021-10-29T12:29:18.783Z",
    "time_updated": "2021-10-29T12:29:18.783Z",
    "active": true,
    "code": "37_1.jpg",
    "file": "product_images/37_1.jpg"
  }
},
{
  "model": "storefront.image",
  "pk": 73,
  "fields": {
    "time_created": "2021-10-29T12:29:18.793Z",
    "time_updated": "2021-10-29T12:29:18.793Z",
    "active": true,
    "code": "37_2.jpg",
    "file": "product_images/37_2.jpg"
  }
},
{
  "model": "storefront.image",
  "pk": 74,
  "fields": {
    "time_created": "2021-10-29T12:29:18.804Z",
    "time_updated": "2021-10-29T12:29:18.804Z",
    "active": true,
    "code": "37_3.jpg",
    "file": "product_images/37_3.jpg"
  }
},
{
  "model": "storefront.image",
  "pk": 75,
  "fields": {
    "time_created": "2021-10-29T12:29:18.815Z",
    "time_updated": "2021-10-29T12:29:18.815Z",
    "active": true,
    "code": "38_1.jpg",
    "file": "product_images/38_1.jpg"
  }
},
{
  "model": "storefront.image",
  "pk": 76,
  "fields": {
    "time_created": "2021-10-29T12:29:18.825Z",
    "time_updated": "2021-10-29T12:29:18.825Z",
    "active": true,
    "code": "38_2.jpg",
    "file": "product_images/38_2.jpg"
  }
},
{
  "model": "storefront.image",
  "pk": 77,
  "fields": {
    "time_created": "2021-10-29T12:29:18.832Z",
    "time_updated": "2021-10-29T12:29:18.832Z",
    "active": true,
    "code": "38_3.jpg",
    "file": "product_images/38_3.jpg"
  }
},
{
  "model": "storefront.image",
  "pk": 78,
  "fields": {
    "time_created": "2021-10-29T12:29:18.839Z",
    "time_updated": "2021-10-29T12:29:18.839Z",
    "active": true,
    "code": "39_1.jpg",
    "file": "product_images/39_1.jpg"
  }
},
{
  "model": "storefront.image",
  "pk": 79,
  "fields": {
    "time_created": "2021-10-29T12:29:18.846Z",
    "time_updated": "2021-10-29T12:29:18.846Z",
    "active": true,
    "code": "39_2.jpg",
    "file": "product_images/39_2.jpg"
  }
},
{
  "model": "storefront.image",
  "pk": 80,
  "fields": {
    "time_created": "2021-10-29T12:29:18.854Z",
    "time_updated": "2021-10-29T12:29:18.854Z",
    "active": true,
    "code": "39_3.jpg",
    "file": "product_images/39_3.jpg"
  }
},
{
  "model": "storefront.image",
  "pk": 81,
  "fields": {
    "time_created": "2021-10-29T12:29:18.861Z",
    "time_updated": "2021-10-29T12:29:18.861Z",
    "active": true,
    "code": "3.jpg",
    "file": "product_images/3.jpg"
  }
},
{
  "model": "storefront.image",
  "pk": 82,
  "fields": {
    "time_created": "2021-10-29T12:29:18.868Z",
    "time_updated": "2021-10-29T12:29:18.868Z",
    "active": true,
    "code": "40_1.jpg",
    "file": "product_images/40_1.jpg"
  }
},
{
  "model": "storefront.image",
  "pk": 83,
  "fields": {
    "time_created": "2021-10-29T12:29:18.879Z",
    "time_updated": "2021-10-29T12:29:18.879Z",
    "active": true,
    "code": "40_2.jpg",
    "file": "product_images/40_2.jpg"
  }
},
{
  "model": "storefront.image",
  "pk": 84,
  "fields": {
    "time_created": "2021-10-29T12:29:18.889Z",
    "time_updated": "2021-10-29T12:29:18.889Z",
    "active": true,
    "code": "40_3.jpg",
    "file": "product_images/40_3.jpg"
  }
},
{
  "model": "storefront.image",
  "pk": 85,
  "fields": {
    "time_created": "2021-10-29T12:29:18.900Z",
    "time_updated": "2021-10-29T12:29:18.900Z",
    "active": true,
    "code": "41_1.jpg",
    "file": "product_images/41_1.jpg"
  }
},
{
  "model": "storefront.image",
  "pk": 86,
  "fields": {
    "time_created": "2021-10-29T12:29:18.910Z",
    "time_updated": "2021-10-29T12:29:18.910Z",
    "active": true,
    "code": "4_1.jpg",
    "file": "product_images/4_1.jpg"
  }
},
{
  "model": "storefront.image",
  "pk": 87,
  "fields": {
    "time_created": "2021-10-29T12:29:18.921Z",
    "time_updated": "2021-10-29T12:29:18.921Z",
    "active": true,
    "code": "42_1.jpg",
    "file": "product_images/42_1.jpg"
  }
},
{
  "model": "storefront.image",
  "pk": 88,
  "fields": {
    "time_created": "2021-10-29T12:29:18.932Z",
    "time_updated": "2021-10-29T12:29:18.932Z",
    "active": true,
    "code": "4_2.jpg",
    "file": "product_images/4_2.jpg"
  }
},
{
  "model": "storefront.image",
  "pk": 89,
  "fields": {
    "time_created": "2021-10-29T12:29:18.942Z",
    "time_updated": "2021-10-29T12:29:18.942Z",
    "active": true,
    "code": "43_1.jpg",
    "file": "product_images/43_1.jpg"
  }
},
{
  "model": "storefront.image",
  "pk": 90,
  "fields": {
    "time_created": "2021-10-29T12:29:18.950Z",
    "time_updated": "2021-10-29T12:29:18.950Z",
    "active": true,
    "code": "43_2.jpg",
    "file": "product_images/43_2.jpg"
  }
},
{
  "model": "storefront.image",
  "pk": 91,
  "fields": {
    "time_created": "2021-10-29T12:29:18.958Z",
    "time_updated": "2021-10-29T12:29:18.958Z",
    "active": true,
    "code": "4_3.jpg",
    "file": "product_images/4_3.jpg"
  }
},
{
  "model": "storefront.image",
  "pk": 92,
  "fields": {
    "time_created": "2021-10-29T12:29:18.965Z",
    "time_updated": "2021-10-29T12:29:18.965Z",
    "active": true,
    "code": "44_1.jpg",
    "file": "product_images/44_1.jpg"
  }
},
{
  "model": "storefront.image",
  "pk": 93,
  "fields": {
    "time_created": "2021-10-29T12:29:18.972Z",
    "time_updated": "2021-10-29T12:29:18.972Z",
    "active": true,
    "code": "44_2.jpg",
    "file": "product_images/44_2.jpg"
  }
},
{
  "model": "storefront.image",
  "pk": 94,
  "fields": {
    "time_created": "2021-10-29T12:29:18.979Z",
    "time_updated": "2021-10-29T12:29:18.979Z",
    "active": true,
    "code": "45_1.jpg",
    "file": "product_images/45_1.jpg"
  }
},
{
  "model": "storefront.image",
  "pk": 95,
  "fields": {
    "time_created": "2021-10-29T12:29:18.991Z",
    "time_updated": "2021-10-29T12:29:18.991Z",
    "active": true,
    "code": "45_2.jpg",
    "file": "product_images/45_2.jpg"
  }
},
{
  "model": "storefront.image",
  "pk": 96,
  "fields": {
    "time_created": "2021-10-29T12:29:19.001Z",
    "time_updated": "2021-10-29T12:29:19.001Z",
    "active": true,
    "code": "46_1.jpg",
    "file": "product_images/46_1.jpg"
  }
},
{
  "model": "storefront.image",
  "pk": 97,
  "fields": {
    "time_created": "2021-10-29T12:29:19.012Z",
    "time_updated": "2021-10-29T12:29:19.012Z",
    "active": true,
    "code": "46_2.jpg",
    "file": "product_images/46_2.jpg"
  }
},
{
  "model": "storefront.image",
  "pk": 98,
  "fields": {
    "time_created": "2021-10-29T12:29:19.022Z",
    "time_updated": "2021-10-29T12:29:19.022Z",
    "active": true,
    "code": "47_1.jpg",
    "file": "product_images/47_1.jpg"
  }
},
{
  "model": "storefront.image",
  "pk": 99,
  "fields": {
    "time_created": "2021-10-29T12:29:19.033Z",
    "time_updated": "2021-10-29T12:29:19.033Z",
    "active": true,
    "code": "47_2.jpg",
    "file": "product_images/47_2.jpg"
  }
},
{
  "model": "storefront.image",
  "pk": 100,
  "fields": {
    "time_created": "2021-10-29T12:29:19.043Z",
    "time_updated": "2021-10-29T12:29:19.043Z",
    "active": true,
    "code": "48_1.jpg",
    "file": "product_images/48_1.jpg"
  }
},
{
  "model": "storefront.image",
  "pk": 101,
  "fields": {
    "time_created": "2021-10-29T12:29:19.052Z",
    "time_updated": "2021-10-29T12:29:19.052Z",
    "active": true,
    "code": "48_2.jpg",
    "file": "product_images/48_2.jpg"
  }
},
{
  "model": "storefront.image",
  "pk": 102,
  "fields": {
    "time_created": "2021-10-29T12:29:19.060Z",
    "time_updated": "2021-10-29T12:29:19.060Z",
    "active": true,
    "code": "49_1.jpg",
    "file": "product_images/49_1.jpg"
  }
},
{
  "model": "storefront.image",
  "pk": 103,
  "fields": {
    "time_created": "2021-10-29T12:29:19.067Z",
    "time_updated": "2021-10-29T12:29:19.067Z",
    "active": true,
    "code": "4.jpg",
    "file": "product_images/4.jpg"
  }
},
{
  "model": "storefront.image",
  "pk": 104,
  "fields": {
    "time_created": "2021-10-29T12:29:19.075Z",
    "time_updated": "2021-10-29T12:29:19.075Z",
    "active": true,
    "code": "50_1.jpg",
    "file": "product_images/50_1.jpg"
  }
},
{
  "model": "storefront.image",
  "pk": 105,
  "fields": {
    "time_created": "2021-10-29T12:29:19.082Z",
    "time_updated": "2021-10-29T12:29:19.082Z",
    "active": true,
    "code": "51_1.jpg",
    "file": "product_images/51_1.jpg"
  }
},
{
  "model": "storefront.image",
  "pk": 106,
  "fields": {
    "time_created": "2021-10-29T12:29:19.090Z",
    "time_updated": "2021-10-29T12:29:19.090Z",
    "active": true,
    "code": "5_1.jpg",
    "file": "product_images/5_1.jpg"
  }
},
{
  "model": "storefront.image",
  "pk": 107,
  "fields": {
    "time_created": "2021-10-29T12:29:19.098Z",
    "time_updated": "2021-10-29T12:29:19.098Z",
    "active": true,
    "code": "52_1.jpg",
    "file": "product_images/52_1.jpg"
  }
},
{
  "model": "storefront.image",
  "pk": 108,
  "fields": {
    "time_created": "2021-10-29T12:29:19.109Z",
    "time_updated": "2021-10-29T12:29:19.109Z",
    "active": true,
    "code": "5_2.jpg",
    "file": "product_images/5_2.jpg"
  }
},
{
  "model": "storefront.image",
  "pk": 109,
  "fields": {
    "time_created": "2021-10-29T12:29:19.120Z",
    "time_updated": "2021-10-29T12:29:19.120Z",
    "active": true,
    "code": "53_1.jpg",
    "file": "product_images/53_1.jpg"
  }
},
{
  "model": "storefront.image",
  "pk": 110,
  "fields": {
    "time_created": "2021-10-29T12:29:19.130Z",
    "time_updated": "2021-10-29T12:29:19.130Z",
    "active": true,
    "code": "5_3.jpg",
    "file": "product_images/5_3.jpg"
  }
},
{
  "model": "storefront.image",
  "pk": 111,
  "fields": {
    "time_created": "2021-10-29T12:29:19.141Z",
    "time_updated": "2021-10-29T12:29:19.141Z",
    "active": true,
    "code": "54_1.jpg",
    "file": "product_images/54_1.jpg"
  }
},
{
  "model": "storefront.image",
  "pk": 112,
  "fields": {
    "time_created": "2021-10-29T12:29:19.151Z",
    "time_updated": "2021-10-29T12:29:19.151Z",
    "active": true,
    "code": "55_1.jpg",
    "file": "product_images/55_1.jpg"
  }
},
{
  "model": "storefront.image",
  "pk": 113,
  "fields": {
    "time_created": "2021-10-29T12:29:19.162Z",
    "time_updated": "2021-10-29T12:29:19.162Z",
    "active": true,
    "code": "56_1.jpg",
    "file": "product_images/56_1.jpg"
  }
},
{
  "model": "storefront.image",
  "pk": 114,
  "fields": {
    "time_created": "2021-10-29T12:29:19.171Z",
    "time_updated": "2021-10-29T12:29:19.171Z",
    "active": true,
    "code": "57_1.jpg",
    "file": "product_images/57_1.jpg"
  }
},
{
  "model": "storefront.image",
  "pk": 115,
  "fields": {
    "time_created": "2021-10-29T12:29:19.178Z",
    "time_updated": "2021-10-29T12:29:19.178Z",
    "active": true,
    "code": "58_1.jpg",
    "file": "product_images/58_1.jpg"
  }
},
{
  "model": "storefront.image",
  "pk": 116,
  "fields": {
    "time_created": "2021-10-29T12:29:19.185Z",
    "time_updated": "2021-10-29T12:29:19.185Z",
    "active": true,
    "code": "59_1.jpg",
    "file": "product_images/59_1.jpg"
  }
},
{
  "model": "storefront.image",
  "pk": 117,
  "fields": {
    "time_created": "2021-10-29T12:29:19.192Z",
    "time_updated": "2021-10-29T12:29:19.192Z",
    "active": true,
    "code": "5.jpg",
    "file": "product_images/5.jpg"
  }
},
{
  "model": "storefront.image",
  "pk": 118,
  "fields": {
    "time_created": "2021-10-29T12:29:19.199Z",
    "time_updated": "2021-10-29T12:29:19.199Z",
    "active": true,
    "code": "60_1.jpg",
    "file": "product_images/60_1.jpg"
  }
},
{
  "model": "storefront.image",
  "pk": 119,
  "fields": {
    "time_created": "2021-10-29T12:29:19.206Z",
    "time_updated": "2021-10-29T12:29:19.206Z",
    "active": true,
    "code": "6_1.jpg",
    "file": "product_images/6_1.jpg"
  }
},
{
  "model": "storefront.image",
  "pk": 120,
  "fields": {
    "time_created": "2021-10-29T12:29:19.216Z",
    "time_updated": "2021-10-29T12:29:19.216Z",
    "active": true,
    "code": "6_2.jpg",
    "file": "product_images/6_2.jpg"
  }
},
{
  "model": "storefront.image",
  "pk": 121,
  "fields": {
    "time_created": "2021-10-29T12:29:19.226Z",
    "time_updated": "2021-10-29T12:29:19.226Z",
    "active": true,
    "code": "6_3.jpg",
    "file": "product_images/6_3.jpg"
  }
},
{
  "model": "storefront.image",
  "pk": 122,
  "fields": {
    "time_created": "2021-10-29T12:29:19.237Z",
    "time_updated": "2021-10-29T12:29:19.237Z",
    "active": true,
    "code": "7_1.jpg",
    "file": "product_images/7_1.jpg"
  }
},
{
  "model": "storefront.image",
  "pk": 123,
  "fields": {
    "time_created": "2021-10-29T12:29:19.247Z",
    "time_updated": "2021-10-29T12:29:19.247Z",
    "active": true,
    "code": "7_2.jpg",
    "file": "product_images/7_2.jpg"
  }
},
{
  "model": "storefront.image",
  "pk": 124,
  "fields": {
    "time_created": "2021-10-29T12:29:19.258Z",
    "time_updated": "2021-10-29T12:29:19.258Z",
    "active": true,
    "code": "8_1.jpg",
    "file": "product_images/8_1.jpg"
  }
},
{
  "model": "storefront.image",
  "pk": 125,
  "fields": {
    "time_created": "2021-10-29T12:29:19.269Z",
    "time_updated": "2021-10-29T12:29:19.269Z",
    "active": true,
    "code": "8_2.jpg",
    "file": "product_images/8_2.jpg"
  }
},
{
  "model": "storefront.image",
  "pk": 126,
  "fields": {
    "time_created": "2021-10-29T12:29:19.278Z",
    "time_updated": "2021-10-29T12:29:19.278Z",
    "active": true,
    "code": "8_3.jpg",
    "file": "product_images/8_3.jpg"
  }
},
{
  "model": "storefront.image",
  "pk": 127,
  "fields": {
    "time_created": "2021-10-29T12:29:19.285Z",
    "time_updated": "2021-10-29T12:29:19.285Z",
    "active": true,
    "code": "9_1.jpg",
    "file": "product_images/9_1.jpg"
  }
},
{
  "model": "storefront.image",
  "pk": 128,
  "fields": {
    "time_created": "2021-10-29T12:29:20.820Z",
    "time_updated": "2021-10-29T12:29:20.820Z",
    "active": true,
    "code": "9_2.jpg",
    "file": "product_images/9_2.jpg"
  }
},
{
  "model": "storefront.image",
  "pk": 142,
  "fields": {
    "time_created": "2021-10-30T21:05:48.722Z",
    "time_updated": "2021-10-30T21:05:48.722Z",
    "active": true,
    "code": "",
    "file": "product_images/6eb68a1aa8f617f075d30573d4c50c8d_fzAydMC.jpg"
  }
},
{
  "model": "storefront.image",
  "pk": 143,
  "fields": {
    "time_created": "2021-11-03T13:12:58.300Z",
    "time_updated": "2021-11-03T13:12:58.300Z",
    "active": true,
    "code": "",
    "file": "product_images/h3Q-q13g_400x400_XLMFWW2.jpg"
  }
},
{
  "model": "storefront.image",
  "pk": 144,
  "fields": {
    "time_created": "2021-11-03T13:17:02.134Z",
    "time_updated": "2021-11-03T13:17:02.144Z",
    "active": true,
    "code": "h3Q-q13g_400x400_cnMSq0g.jpg",
    "file": "product_images/h3Q-q13g_400x400_cnMSq0g.jpg"
  }
},
{
  "model": "storefront.image",
  "pk": 145,
  "fields": {
    "time_created": "2021-11-03T13:17:39.297Z",
    "time_updated": "2021-11-03T13:17:39.306Z",
    "active": true,
    "code": "h3Q-q13g_400x400_P6fzsx9.jpg",
    "file": "product_images/h3Q-q13g_400x400_P6fzsx9.jpg"
  }
},
{
  "model": "storefront.image",
  "pk": 146,
  "fields": {
    "time_created": "2021-11-03T13:18:28.118Z",
    "time_updated": "2021-11-03T13:18:28.118Z",
    "active": true,
    "code": "",
    "file": "product_images/h3Q-q13g_400x400_Vi2sY7v.jpg"
  }
},
{
  "model": "storefront.image",
  "pk": 147,
  "fields": {
    "time_created": "2021-11-03T14:51:31.315Z",
    "time_updated": "2021-11-03T14:51:31.326Z",
    "active": true,
    "code": "h3Q-q13g_400x400_biAOeFe.jpg",
    "file": "product_images/h3Q-q13g_400x400_biAOeFe.jpg"
  }
},
{
  "model": "storefront.image",
  "pk": 148,
  "fields": {
    "time_created": "2021-11-03T15:01:30.673Z",
    "time_updated": "2021-11-03T15:01:30.673Z",
    "active": true,
    "code": "",
    "file": ""
  }
},
{
  "model": "storefront.image",
  "pk": 149,
  "fields": {
    "time_created": "2021-11-03T15:03:09.689Z",
    "time_updated": "2021-11-03T15:03:09.697Z",
    "active": true,
    "code": "balalaika.jpg",
    "file": "product_images/balalaika.jpg"
  }
},
{
  "model": "storefront.image",
  "pk": 150,
  "fields": {
    "time_created": "2021-11-03T15:06:02.067Z",
    "time_updated": "2021-11-03T15:06:02.067Z",
    "active": true,
    "code": "",
    "file": ""
  }
},
{
  "model": "storefront.image",
  "pk": 151,
  "fields": {
    "time_created": "2021-11-03T15:08:36.604Z",
    "time_updated": "2021-11-03T15:08:36.604Z",
    "active": true,
    "code": "",
    "file": ""
  }
},
{
  "model": "storefront.image",
  "pk": 152,
  "fields": {
    "time_created": "2021-11-03T15:08:59.562Z",
    "time_updated": "2021-11-03T15:08:59.562Z",
    "active": true,
    "code": "",
    "file": ""
  }
},
{
  "model": "storefront.image",
  "pk": 153,
  "fields": {
    "time_created": "2021-11-03T15:09:35.333Z",
    "time_updated": "2021-11-03T15:09:35.333Z",
    "active": true,
    "code": "",
    "file": ""
  }
},
{
  "model": "storefront.image",
  "pk": 154,
  "fields": {
    "time_created": "2021-11-03T15:09:51.563Z",
    "time_updated": "2021-11-03T15:09:51.563Z",
    "active": true,
    "code": "",
    "file": ""
  }
},
{
  "model": "storefront.image",
  "pk": 155,
  "fields": {
    "time_created": "2021-11-03T15:10:18.051Z",
    "time_updated": "2021-11-03T15:10:18.051Z",
    "active": true,
    "code": "",
    "file": ""
  }
},
{
  "model": "storefront.image",
  "pk": 156,
  "fields": {
    "time_created": "2021-11-03T15:11:46.614Z",
    "time_updated": "2021-11-03T15:11:46.614Z",
    "active": true,
    "code": "",
    "file": ""
  }
},
{
  "model": "storefront.image",
  "pk": 157,
  "fields": {
    "time_created": "2021-11-03T15:12:20.494Z",
    "time_updated": "2021-11-03T15:12:20.494Z",
    "active": true,
    "code": "",
    "file": ""
  }
},
{
  "model": "storefront.image",
  "pk": 158,
  "fields": {
    "time_created": "2021-11-03T15:12:35.370Z",
    "time_updated": "2021-11-03T15:12:35.382Z",
    "active": true,
    "code": "balalaika_wUnSPp4.jpg",
    "file": "product_images/balalaika_wUnSPp4.jpg"
  }
},
{
  "model": "storefront.image",
  "pk": 159,
  "fields": {
    "time_created": "2021-11-03T15:13:26.155Z",
    "time_updated": "2021-11-03T15:13:26.155Z",
    "active": true,
    "code": "",
    "file": ""
  }
},
{
  "model": "storefront.image",
  "pk": 160,
  "fields": {
    "time_created": "2021-11-03T15:13:39.136Z",
    "time_updated": "2021-11-03T15:13:39.136Z",
    "active": true,
    "code": "",
    "file": ""
  }
}
]
